OlinkID,cv_percent,UniProt,Assay,Panel,Retain
OID20419,109.22508504950703,P60568,IL2,Inflammation,Unique Protein
OID20420,31.10658954150653,Q13651,IL10RA,Inflammation,Unique Protein
OID20421,41.82230943016657,Q13219,PAPPA,Inflammation,Unique Protein
OID20422,38.83128161762722,Q9UHF4,IL20RA,Inflammation,Unique Protein
OID20423,30.402363868405207,P63241,EIF5A,Inflammation,Unique Protein
OID20424,37.25206297851802,P05412,JUN,Inflammation,Unique Protein
OID20425,62.96770911361362,Q96AX2,RAB37,Inflammation,Unique Protein
OID20426,735.1626198185713,P05112,IL4,Inflammation,Unique Protein
OID20427,85.8218402734492,P01584,IL1B,Inflammation,Unique Protein
OID20428,39.78103766546303,O95760,IL33,Inflammation,Unique Protein
OID20429,25.618731324586996,Q8NHJ6,LILRB4,Inflammation,Unique Protein
OID20430,50.12271961934438,P35225,IL13,Inflammation,Unique Protein
OID20431,35.51207261299738,P22301,IL10,Inflammation,Unique Protein
OID20432,57.97285671459355,P27540,ARNT,Inflammation,Unique Protein
OID20433,82.36731004574459,O95379,TNFAIP8,Inflammation,Unique Protein
OID20434,48.03796732575595,Q8WV07,LTO1,Inflammation,Unique Protein
OID20435,29.017743628845672,O43707,ACTN4,Inflammation,Unique Protein
OID20436,54.69405784157634,P28838,LAP3,Inflammation,Unique Protein
OID20437,20.55292359496504,Q9NP70,AMBN,Inflammation,Unique Protein
OID20438,19.364964768188074,Q6UXK5,LRRN1,Inflammation,Unique Protein
OID20439,22.640700870887816,Q9HCU5,PREB,Inflammation,Unique Protein
OID20440,75.51413479301999,Q13007,IL24,Inflammation,Unique Protein
OID20441,56.82637189594944,Q9UPV0,CEP164,Inflammation,Unique Protein
OID20442,44.44320334646435,O60934,NBN,Inflammation,Unique Protein
OID20443,44.00918429661865,Q96P31,FCRL3,Inflammation,Unique Protein
OID20444,46.23530058211611,Q9Y478,PRKAB1,Inflammation,Unique Protein
OID20445,49.70535334698695,Q8TCS8,PNPT1,Inflammation,Unique Protein
OID20446,45.46664449338745,Q5T4W7,ARTN,Inflammation,Unique Protein
OID20447,38.675053486387775,Q5R372,RABGAP1L,Inflammation,Unique Protein
OID20448,45.278415623434164,Q969V3,NCLN,Inflammation,Unique Protein
OID20449,26.739425433157088,Q8N6P7,IL22RA1,Inflammation,Unique Protein
OID20450,80.80649988561991,P14784,IL2RB,Inflammation,Unique Protein
OID20451,66.67122054021792,Q13459,MYO9B,Inflammation,Unique Protein
OID20452,43.18469629954743,P19801,AOC1,Inflammation,Unique Protein
OID20453,40.919860523329646,Q9NYY1,IL20,Inflammation,Unique Protein
OID20454,51.46574703245831,P57771,RGS8,Inflammation,Unique Protein
OID20455,55.82004800111024,P20809,IL11,Inflammation,Unique Protein
OID20456,35.59066468465264,Q96PD4,IL17F,Inflammation,Unique Protein
OID20457,27.715294351221438,O76038,SCGN,Inflammation,Unique Protein
OID20458,22.895760871873936,O95715,CXCL14,Inflammation,Unique Protein
OID20459,42.91391019809134,Q03426,MVK,Inflammation,Unique Protein
OID20460,24.723663701784666,O14904,WNT9A,Inflammation,Unique Protein
OID20461,25.622946262790535,P26951,IL3RA,Inflammation,Unique Protein
OID20462,50.50284146528743,Q9Y3P8,SIT1,Inflammation,Unique Protein
OID20463,50.38439245319846,Q96DB9,FXYD5,Inflammation,Unique Protein
OID20464,31.39252946275289,P48061,CXCL12,Inflammation,Unique Protein
OID20465,93.34567480944578,Q99748,NRTN,Inflammation,Unique Protein
OID20466,52.523655670984105,Q13574,DGKZ,Inflammation,Unique Protein
OID20467,71.34113034190173,Q9Y2J8,PADI2,Inflammation,Unique Protein
OID20468,34.678108091141276,Q04759,PRKCQ,Inflammation,Unique Protein
OID20469,36.018458890942085,Q16552,IL17A,Inflammation,Unique Protein
OID20470,55.484820070661044,Q12968,NFATC3,Inflammation,Unique Protein
OID20471,32.05506790402733,Q14435,GALNT3,Inflammation,Unique Protein
OID20472,227.40039641593364,P05113,IL5,Inflammation,Unique Protein
OID20473,38.52921248394118,P01375,TNF,Inflammation,Duplicated Protein and not lowest CV
OID20474,93.5573090043232,Q92844,TANK,Inflammation,Unique Protein
OID20475,53.147909247082914,O43597,SPRY2,Inflammation,Unique Protein
OID20476,57.45545121182689,P13693,TPT1,Inflammation,Unique Protein
OID20477,29.84380214223052,Q9P0M4,IL17C,Inflammation,Unique Protein
OID20478,62.73898880804235,Q7Z739,YTHDF3,Inflammation,Unique Protein
OID20479,87.44809687119948,P42768,WAS,Inflammation,Unique Protein
OID20480,28.158218528372636,Q96RJ3,TNFRSF13C,Inflammation,Unique Protein
OID20481,21.458639145475576,Q8TAD2,IL17D,Inflammation,Unique Protein
OID20482,33.11668223854103,Q7Z6M3,MILR1,Inflammation,Unique Protein
OID20483,54.267786947268434,P30048,PRDX3,Inflammation,Unique Protein
OID20484,58.28255146295594,Q05084,ICA1,Inflammation,Unique Protein
OID20485,50.81218534346018,P51617,IRAK1,Inflammation,Unique Protein
OID20486,30.73961270092449,P42701,IL12RB1,Inflammation,Unique Protein
OID20487,19.44692797833961,Q9HB29,IL1RL2,Inflammation,Unique Protein
OID20488,81.5285370697488,P01583,IL1A,Inflammation,Unique Protein
OID20489,145.4420077965507,P32456,GBP2,Inflammation,Unique Protein
OID20490,20.33940827167288,P12034,FGF5,Inflammation,Unique Protein
OID20491,23.803597387284064,P09919,CSF3,Inflammation,Unique Protein
OID20492,34.89963183705086,Q9BXJ7,AMN,Inflammation,Unique Protein
OID20493,20.54185331430291,P18564,ITGB6,Inflammation,Unique Protein
OID20494,27.215383032164432,P01591,JCHAIN,Inflammation,Unique Protein
OID20495,48.11407969094256,P01579,IFNG,Inflammation,Unique Protein
OID20496,42.45631465890214,Q13291,SLAMF1,Inflammation,Unique Protein
OID20497,30.128035539841946,Q8N8S7,ENAH,Inflammation,Unique Protein
OID20498,36.92574890220236,Q13261,IL15RA,Inflammation,Unique Protein
OID20500,43.30907682387938,P09874,PARP1,Inflammation,Unique Protein
OID20501,62.78308820519409,Q0Z7S8,FABP9,Inflammation,Unique Protein
OID20502,41.679833530779945,P78362,SRPK2,Inflammation,Unique Protein
OID20503,53.39188622314336,P09038,FGF2,Inflammation,Unique Protein
OID20504,99.68422521826136,O43736,ITM2A,Inflammation,Unique Protein
OID20505,48.30109230697975,O14867,BACH1,Inflammation,Unique Protein
OID20506,83.44692941519092,Q8IU57,IFNLR1,Inflammation,Unique Protein
OID20507,76.43223444512378,Q12933,TRAF2,Inflammation,Unique Protein
OID20508,46.51509694776605,Q06520,SULT2A1,Inflammation,Unique Protein
OID20509,37.36635761639649,O60575,SPINK4,Inflammation,Unique Protein
OID20510,64.45880806202582,Q9Y5A7,NUB1,Inflammation,Unique Protein
OID20511,54.50712608163738,O60542,PSPN,Inflammation,Unique Protein
OID20512,34.70943459958243,P30838,ALDH3A1,Inflammation,Unique Protein
OID20513,15.682269173284974,O43521-2,BCL2L11,Inflammation,Unique Protein
OID20514,44.70559502976316,O60880,SH2D1A,Inflammation,Unique Protein
OID20515,60.081422057647885,Q12778,FOXO1,Inflammation,Unique Protein
OID20516,53.30873905513184,Q7L8A9,VASH1,Inflammation,Unique Protein
OID20517,31.23319857161131,P55957,BID,Inflammation,Unique Protein
OID20519,75.02816785034094,Q6UB28,METAP1D,Inflammation,Unique Protein
OID20520,71.41855606479862,P01903,HLA-DRA,Inflammation,Unique Protein
OID20521,110.97108267175035,Q92609,TBC1D5,Inflammation,Unique Protein
OID20522,48.722202726570735,P01588,EPO,Inflammation,Unique Protein
OID20523,73.8302470220435,P80098,CCL7,Inflammation,Unique Protein
OID20524,101.9112873812316,Q9UN19,DAPP1,Inflammation,Unique Protein
OID20525,92.21140517434728,Q9UNE0,EDAR,Inflammation,Unique Protein
OID20526,69.31220536517434,Q9C035,TRIM5,Inflammation,Unique Protein
OID20527,47.96321183811114,Q8N608,DPP10,Inflammation,Unique Protein
OID20528,35.370311091525835,P23229,ITGA6,Inflammation,Unique Protein
OID20529,85.77068448749249,Q6DN72,FCRL6,Inflammation,Unique Protein
OID20530,70.62788936127308,P33241,LSP1,Inflammation,Unique Protein
OID20531,47.40678950301222,Q9UNK0,STX8,Inflammation,Unique Protein
OID20532,27.811981883847615,P13747,HLA-E,Inflammation,Unique Protein
OID20533,102.85456666246957,P19474,TRIM21,Inflammation,Unique Protein
OID20534,96.05089974165296,O75475,PSIP1,Inflammation,Unique Protein
OID20535,66.34786773764874,P13232,IL7,Inflammation,Unique Protein
OID20536,71.15817713678194,Q8IVG5,SAMD9L,Inflammation,Unique Protein
OID20537,58.00730195794487,Q96LC7,SIGLEC10,Inflammation,Unique Protein
OID20538,86.09319063975178,B1AKI9,ISM1,Inflammation,Unique Protein
OID20539,50.405627485248935,Q6ZMH5,SLC39A5,Inflammation,Unique Protein
OID20540,62.63123934447196,P78410,BTN3A2,Inflammation,Unique Protein
OID20541,66.30479381023342,P12872,MLN,Inflammation,Unique Protein
OID20542,69.62510000165577,Q12765,SCRN1,Inflammation,Unique Protein
OID20543,66.5099122979768,P58294,PROK1,Inflammation,Unique Protein
OID20544,75.19360848127108,Q9Y6K9,IKBKG,Inflammation,Unique Protein
OID20545,69.06036574521553,O95644,NFATC1,Inflammation,Unique Protein
OID20546,88.08322803526029,Q9Y258,CCL26,Inflammation,Unique Protein
OID20547,81.08055680909513,Q8WTT0,CLEC4C,Inflammation,Unique Protein
OID20548,75.69468894964902,Q3KPI0,CEACAM21,Inflammation,Unique Protein
OID20549,56.53423121365311,Q9BT73,PSMG3,Inflammation,Unique Protein
OID20550,30.00772866031804,P20849,COL9A1,Inflammation,Unique Protein
OID20551,85.89328641017245,Q9HD26,GOPC,Inflammation,Unique Protein
OID20552,80.89478871643234,P52564,MAP2K6,Inflammation,Unique Protein
OID20553,100.87404258600503,Q9H0P0,NT5C3A,Inflammation,Unique Protein
OID20554,80.26654083582852,Q9NZN5,ARHGEF12,Inflammation,Unique Protein
OID20555,53.29948959992578,P42575,CASP2,Inflammation,Unique Protein
OID20556,48.15449658377204,Q9UHC6,CNTNAP2,Inflammation,Unique Protein
OID20557,39.768648424664924,P45984,MAPK9,Inflammation,Unique Protein
OID20558,64.74483012842174,P11274,BCR,Inflammation,Unique Protein
OID20559,129.71720219537343,Q9UDT6,CLIP2,Inflammation,Unique Protein
OID20560,55.29720477290084,Q14242,SELPLG,Inflammation,Unique Protein
OID20561,62.164310837017965,P78310,CXADR,Inflammation,Unique Protein
OID20562,93.82640274758985,P40933,IL15,Inflammation,Unique Protein
OID20563,93.52061340870118,P05231,IL6,Inflammation,Duplicated Protein and not lowest CV
OID20564,63.14186270648111,P24071,FCAR,Inflammation,Unique Protein
OID20565,85.69676119163287,Q01151,CD83,Inflammation,Unique Protein
OID20566,49.78110962295631,O76036,NCR1,Inflammation,Unique Protein
OID20567,107.12619514575314,P19878,NCF2,Inflammation,Unique Protein
OID20568,83.34331953915446,P23582,NPPC,Inflammation,Unique Protein
OID20569,69.46645688786874,Q9NRJ3,CCL28,Inflammation,Unique Protein
OID20570,114.64157433465974,P26022,PTX3,Inflammation,Unique Protein
OID20571,58.83530865108468,Q03431,PTH1R,Inflammation,Unique Protein
OID20572,57.58704425723858,Q9GZT9,EGLN1,Inflammation,Unique Protein
OID20573,88.34150674734654,Q9UMR7,CLEC4A,Inflammation,Unique Protein
OID20574,111.88873380500684,P13725,OSM,Inflammation,Unique Protein
OID20575,55.39849803317837,P28845,HSD11B1,Inflammation,Unique Protein
OID20576,105.06893348024666,P24394,IL4R,Inflammation,Unique Protein
OID20577,85.37642620898507,Q9NWZ3,IRAK4,Inflammation,Unique Protein
OID20578,58.5971974790518,Q14773,ICAM4,Inflammation,Unique Protein
OID20579,90.33391965398077,Q16698,DECR1,Inflammation,Unique Protein
OID20580,86.59952620728205,O60449,LY75,Inflammation,Unique Protein
OID20581,51.033859919033,Q9UKX5,ITGA11,Inflammation,Unique Protein
OID20582,77.89460124641666,O15169,AXIN1,Inflammation,Unique Protein
OID20583,90.65787819437625,P50995,ANXA11,Inflammation,Unique Protein
OID20584,61.068804974909185,P01730,CD4,Inflammation,Unique Protein
OID20585,73.00236880847226,Q9NRM6,IL17RB,Inflammation,Unique Protein
OID20586,12.046786724702404,P01374,LTA,Inflammation,Unique Protein
OID20587,66.58333917511354,Q6ZUJ8,PIK3AP1,Inflammation,Unique Protein
OID20588,92.74666276959444,P16455,MGMT,Inflammation,Unique Protein
OID20589,90.56884703955723,O94992,HEXIM1,Inflammation,Unique Protein
OID20590,100.2382749089628,Q6UXB4,CLEC4G,Inflammation,Unique Protein
OID20591,80.39379509894704,P20783,NTF3,Inflammation,Unique Protein
OID20592,50.56136397496477,O14788,TNFSF11,Inflammation,Unique Protein
OID20593,97.41443629626819,Q29980_Q29983,MICB_MICA,Inflammation,Unique Protein
OID20594,101.49166638537316,Q8NDB2,BANK1,Inflammation,Unique Protein
OID20595,103.05686744657059,Q8TD46,CD200R1,Inflammation,Unique Protein
OID20596,65.31756231097926,P08727,KRT19,Inflammation,Unique Protein
OID20597,140.8327448120885,Q9HCM2,PLXNA4,Inflammation,Unique Protein
OID20598,87.5980153537238,P28827,PTPRM,Inflammation,Unique Protein
OID20599,81.1793586222104,P32970,CD70,Inflammation,Unique Protein
OID20600,54.02900827441018,P01135,TGFA,Inflammation,Unique Protein
OID20601,101.10872644207676,Q01344,IL5RA,Inflammation,Unique Protein
OID20602,63.44946399214349,Q9NQ25,SLAMF7,Inflammation,Unique Protein
OID20603,84.86867745051259,P41217,CD200,Inflammation,Unique Protein
OID20604,55.56893756964642,P10144,GZMB,Inflammation,Unique Protein
OID20605,81.01828136021575,P24001,IL32,Inflammation,Unique Protein
OID20606,79.47221636535527,P42702,LIFR,Inflammation,Unique Protein
OID20607,89.62743526097273,Q9UIB8,CD84,Inflammation,Unique Protein
OID20608,47.65982374049914,P20340,RAB6A,Inflammation,Unique Protein
OID20609,82.9626169695376,Q8WXI8,CLEC4D,Inflammation,Unique Protein
OID20610,92.94811549509903,P10147,CCL3,Inflammation,Unique Protein
OID20611,21.352378501934343,P50591,TNFSF10,Inflammation,Unique Protein
OID20612,23.92305593600385,O15455,TLR3,Inflammation,Unique Protein
OID20613,41.038120840933836,P80162,CXCL6,Inflammation,Unique Protein
OID20614,23.565768482755466,Q08174,PCDH1,Inflammation,Unique Protein
OID20615,41.34606406766039,P37235,HPCAL1,Inflammation,Unique Protein
OID20616,36.56110018173383,P29965,CD40LG,Inflammation,Unique Protein
OID20617,25.981400634007873,Q07065,CKAP4,Inflammation,Unique Protein
OID20618,82.98112444198671,P68106,FKBP1B,Inflammation,Unique Protein
OID20619,25.04885431002542,P22304,IDS,Inflammation,Unique Protein
OID20620,37.5728223041109,O00273,DFFA,Inflammation,Unique Protein
OID20621,29.64056333219643,P01137,TGFB1,Inflammation,Unique Protein
OID20622,31.39336854512424,Q6UXB2,CXCL17,Inflammation,Unique Protein
OID20623,35.534845440726905,Q9Y266,NUDC,Inflammation,Unique Protein
OID20624,28.44209355338121,O43508,TNFSF12,Inflammation,Unique Protein
OID20625,77.24907384058375,Q04637,EIF4G1,Inflammation,Unique Protein
OID20626,18.15407875175035,P35613,BSG,Inflammation,Unique Protein
OID20627,57.09349844405639,O60884,DNAJA2,Inflammation,Unique Protein
OID20628,23.06168934229189,Q9BZW8,CD244,Inflammation,Unique Protein
OID20629,24.92191398469132,Q12918,KLRB1,Inflammation,Unique Protein
OID20630,28.09187844989422,P50452,SERPINB8,Inflammation,Unique Protein
OID20631,26.586749089700184,P10145,CXCL8,Inflammation,Duplicated Protein with lowest CV
OID20632,24.068633815161437,Q13241,KLRD1,Inflammation,Unique Protein
OID20633,34.59089316025808,Q14005,IL16,Inflammation,Unique Protein
OID20634,25.75916729327187,O94856,NFASC,Inflammation,Unique Protein
OID20635,28.429013229695936,P40259,CD79B,Inflammation,Unique Protein
OID20636,27.721158568615213,Q9BXN2,CLEC7A,Inflammation,Unique Protein
OID20637,25.57128998851127,P20273,CD22,Inflammation,Unique Protein
OID20638,31.847459260787105,Q9UQV4,LAMP3,Inflammation,Unique Protein
OID20639,28.714244182109066,Q96LA5,FCRL2,Inflammation,Unique Protein
OID20640,51.33340278658387,O43561,LAT,Inflammation,Unique Protein
OID20641,44.82175300725662,P36959,GMPR,Inflammation,Unique Protein
OID20642,26.886679888041048,Q15661,TPSAB1,Inflammation,Unique Protein
OID20643,59.30309324901359,Q96SB3,PPP1R9B,Inflammation,Unique Protein
OID20644,66.04841842413384,P30044,PRDX5,Inflammation,Unique Protein
OID20645,25.176403553632564,P00813,ADA,Inflammation,Unique Protein
OID20646,32.29548055391566,Q9Y6Q6,TNFRSF11A,Inflammation,Unique Protein
OID20647,24.832422163005084,O95971,CD160,Inflammation,Unique Protein
OID20648,43.02308250824322,P14317,HCLS1,Inflammation,Unique Protein
OID20649,27.34120299542242,P30203,CD6,Inflammation,Unique Protein
OID20650,27.560358779655015,P15692,VEGFA,Inflammation,Unique Protein
OID20651,30.446063339418828,O75077,ADAM23,Inflammation,Unique Protein
OID20652,23.619207425351146,Q13478,IL18R1,Inflammation,Unique Protein
OID20653,23.310329073258146,P43489,TNFRSF4,Inflammation,Unique Protein
OID20654,24.01177431048017,P02745,C1QA,Inflammation,Unique Protein
OID20655,30.287964360182645,Q99616,CCL13,Inflammation,Unique Protein
OID20656,27.413969149399055,P14210,HGF,Inflammation,Unique Protein
OID20657,29.776294409230907,Q12866,MERTK,Inflammation,Unique Protein
OID20658,66.66768640489249,O00253,AGRP,Inflammation,Unique Protein
OID20660,29.437760937705853,P43234,CTSO,Inflammation,Unique Protein
OID20661,23.7260629270011,P49771,FLT3LG,Inflammation,Unique Protein
OID20662,28.61076016428426,O43915,VEGFD,Inflammation,Unique Protein
OID20663,51.619410811714225,P12544,GZMA,Inflammation,Unique Protein
OID20664,26.60450175908011,Q9H4D0,CLSTN2,Inflammation,Unique Protein
OID20665,24.359134958297503,P48023,FASLG,Inflammation,Unique Protein
OID20666,23.053168170792613,P29460,IL12B,Inflammation,Unique Protein
OID20667,27.79300046192974,Q15517,CDSN,Inflammation,Unique Protein
OID20668,26.99833717107,P51671,CCL11,Inflammation,Unique Protein
OID20669,27.06191441364555,Q16719,KYNU,Inflammation,Unique Protein
OID20670,26.72757979141181,Q9HBG7,LY9,Inflammation,Unique Protein
OID20671,30.49780496712742,P78556,CCL20,Inflammation,Unique Protein
OID20672,34.85706228618039,P03956,MMP1,Inflammation,Unique Protein
OID20673,23.899290619092064,P49763,PGF,Inflammation,Unique Protein
OID20674,27.806293411411282,O15444,CCL25,Inflammation,Unique Protein
OID20675,36.84086070290814,Q07325,CXCL9,Inflammation,Unique Protein
OID20676,34.447798872533724,Q92484,SMPDL3A,Inflammation,Unique Protein
OID20677,33.54559568806034,P21709,EPHA1,Inflammation,Unique Protein
OID20678,28.913843615649178,P15260,IFNGR1,Inflammation,Unique Protein
OID20679,54.90968221488689,P53634,CTSC,Inflammation,Unique Protein
OID20680,33.02255922899319,Q5ZPR3,CD276,Inflammation,Unique Protein
OID20681,66.12379362730204,Q9UJU6,DBNL,Inflammation,Unique Protein
OID20682,41.75013817489083,P30613,PKLR,Inflammation,Unique Protein
OID20683,54.21870599533375,O43639,NCK2,Inflammation,Unique Protein
OID20684,64.65658900242907,P35625,TIMP3,Inflammation,Unique Protein
OID20685,54.80126603783692,P47712,PLA2G4A,Inflammation,Unique Protein
OID20686,41.46716023772923,O00585,CCL21,Inflammation,Unique Protein
OID20687,38.07581640041066,P09238,MMP10,Inflammation,Unique Protein
OID20688,43.239975361115626,P11684,SCGB1A1,Inflammation,Unique Protein
OID20689,35.533400945739615,Q6UWV6,ENPP7,Inflammation,Unique Protein
OID20690,31.989914857500334,Q9BZZ2,SIGLEC1,Inflammation,Unique Protein
OID20691,40.207210815249944,P25116,F2R,Inflammation,Unique Protein
OID20692,34.17156599881315,P09326,CD48,Inflammation,Unique Protein
OID20693,40.181989152807766,P55773,CCL23,Inflammation,Unique Protein
OID20694,34.56637720842549,Q14116,IL18,Inflammation,Unique Protein
OID20695,34.38372995181874,P13236,CCL4,Inflammation,Unique Protein
OID20696,33.73982059888735,Q08334,IL10RB,Inflammation,Unique Protein
OID20697,38.317679695893794,P02778,CXCL10,Inflammation,Unique Protein
OID20698,66.94853259781645,P01133,EGF,Inflammation,Unique Protein
OID20699,33.045206522736066,O75462,CRLF1,Inflammation,Unique Protein
OID20700,33.84586658872809,P18510,IL1RN,Inflammation,Unique Protein
OID20701,33.71789420381286,Q9NZV1,CRIM1,Inflammation,Unique Protein
OID20702,35.69459267848635,O14836,TNFRSF13B,Inflammation,Unique Protein
OID20703,40.79216671638793,Q9BY76,ANGPTL4,Inflammation,Unique Protein
OID20704,32.907398212310845,O76096,CST7,Inflammation,Unique Protein
OID20705,32.841402211830825,P21860,ERBB3,Inflammation,Unique Protein
OID20706,30.727739124797086,Q99435,NELL2,Inflammation,Unique Protein
OID20707,79.98436400653203,P55145,MANF,Inflammation,Unique Protein
OID20708,36.567945779237036,Q14210,LY6D,Inflammation,Unique Protein
OID20709,34.54145449613841,P29279,CCN2,Inflammation,Unique Protein
OID20710,38.805163121411965,Q9HC38,GLOD4,Inflammation,Unique Protein
OID20711,41.436477241752655,Q99685,MGLL,Inflammation,Unique Protein
OID20712,34.66276838565905,Q8NFT8,DNER,Inflammation,Unique Protein
OID20713,32.16744692631707,Q7KYR7,BTN2A1,Inflammation,Unique Protein
OID20714,52.12230948915179,P34896,SHMT1,Inflammation,Unique Protein
OID20715,37.51158669796698,O95750,FGF19,Inflammation,Unique Protein
OID20716,36.51503038256516,P19256,CD58,Inflammation,Unique Protein
OID20717,60.4331349429032,P29350,PTPN6,Inflammation,Unique Protein
OID20718,37.63313839111644,P0DMV8,HSPA1A,Inflammation,Unique Protein
OID20719,35.622693443932974,P09603,CSF1,Inflammation,Unique Protein
OID20720,33.406621753401936,O43291,SPINT2,Inflammation,Unique Protein
OID20721,66.95179290355576,P12532,CKMT1A_CKMT1B,Inflammation,Unique Protein
OID20722,58.4276658534858,Q9Y3D6,FIS1,Inflammation,Unique Protein
OID20723,43.10534292239574,Q96PL1,SCGB3A2,Inflammation,Unique Protein
OID20724,39.068490972762525,P25942,CD40,Inflammation,Unique Protein
OID20725,36.41113579673095,Q99983,OMD,Inflammation,Unique Protein
OID20726,44.06232989213575,Q9UKU9,ANGPTL2,Inflammation,Unique Protein
OID20727,48.144811127264866,P22466,GAL,Inflammation,Unique Protein
OID20728,37.67649607037589,Q8WXD2,SCG3,Inflammation,Unique Protein
OID20729,98.1047105931661,Q9NR12,PDLIM7,Inflammation,Unique Protein
OID20730,35.63633099991726,Q9H3U7,SMOC2,Inflammation,Unique Protein
OID20731,44.44420062967797,Q9NZC2,TREM2,Inflammation,Unique Protein
OID20732,36.23564138357679,Q8WU39,MZB1,Inflammation,Unique Protein
OID20733,39.79071981251654,O75888,TNFSF13,Inflammation,Unique Protein
OID20734,37.197230483543585,Q9Y6N7,ROBO1,Inflammation,Unique Protein
OID20735,37.35094343147096,O00300,TNFRSF11B,Inflammation,Unique Protein
OID20736,31.547853983850736,Q9UJA9,ENPP5,Inflammation,Unique Protein
OID20737,34.745095639770426,Q6GTX8,LAIR1,Inflammation,Unique Protein
OID20738,35.63929108608321,Q5KU26,COLEC12,Inflammation,Unique Protein
OID20739,38.626684415942776,O00241,SIRPB1,Inflammation,Unique Protein
OID20740,57.15239400386831,Q15389,ANGPT1,Inflammation,Unique Protein
OID20741,64.9024348479158,P01127,PDGFB,Inflammation,Unique Protein
OID20742,75.20280786558969,P46109,CRKL,Inflammation,Unique Protein
OID20743,38.10523188894256,P16422,EPCAM,Inflammation,Unique Protein
OID20744,44.00602215752459,O43598,DNPH1,Inflammation,Unique Protein
OID20745,45.382157913227395,Q92583,CCL17,Inflammation,Unique Protein
OID20746,37.01241941142002,Q96KG7,MEGF10,Inflammation,Unique Protein
OID20747,39.858001359579376,P24387,CRHBP,Inflammation,Unique Protein
OID20748,37.934532161509125,P56470,LGALS4,Inflammation,Unique Protein
OID20749,39.648877578006605,Q9H008,LHPP,Inflammation,Unique Protein
OID20750,36.49882086337287,O14773,TPP1,Inflammation,Unique Protein
OID20751,40.05856097902345,Q6UXH1,CRELD2,Inflammation,Unique Protein
OID20752,37.01259159072423,Q99895,CTRC,Inflammation,Unique Protein
OID20753,38.05599218828184,Q9NQ76,MEPE,Inflammation,Unique Protein
OID20754,38.09534465702129,Q4KMG0,CDON,Inflammation,Unique Protein
OID20755,36.88265828676459,Q9UHX3,ADGRE2,Inflammation,Unique Protein
OID20756,34.086525179117594,Q15109,AGER,Inflammation,Unique Protein
OID20757,29.5868876537939,P27930,IL1R2,Inflammation,Unique Protein
OID20758,35.41340162872389,Q9NQ30,ESM1,Inflammation,Unique Protein
OID20759,44.302958556113246,Q9HCB6,SPON1,Inflammation,Unique Protein
OID20760,116.26100343931618,Q9UII2,ATP5IF1,Inflammation,Unique Protein
OID20761,92.53652192578815,O75563,SKAP2,Inflammation,Unique Protein
OID20762,50.82644345969697,P09341,CXCL1,Inflammation,Unique Protein
OID20763,35.736233333157855,Q16651,PRSS8,Inflammation,Unique Protein
OID20764,35.07144251153089,Q03405,PLAUR,Inflammation,Unique Protein
OID20765,47.69628441958692,O00626,CCL22,Inflammation,Unique Protein
OID20766,34.379448135941836,P51888,PRELP,Inflammation,Unique Protein
OID20767,34.32367968710172,O00339,MATN2,Inflammation,Unique Protein
OID20768,35.579421777540595,P36941,LTBR,Inflammation,Unique Protein
OID20769,35.89573161713085,Q16363,LAMA4,Inflammation,Unique Protein
OID20770,36.15211388473041,P19883,FST,Inflammation,Unique Protein
OID20771,42.245395729766955,Q9BU40,CHRDL1,Inflammation,Unique Protein
OID20772,36.836681536305555,O00175,CCL24,Inflammation,Unique Protein
OID20773,34.68655711002526,Q99538,LGMN,Inflammation,Unique Protein
OID20774,35.95008297114866,Q14118,DAG1,Inflammation,Unique Protein
OID20775,52.59369061116944,P54317,PNLIPRP2,Inflammation,Unique Protein
OID20776,36.47807664636702,Q8IYS5,OSCAR,Inflammation,Unique Protein
OID20777,30.564485340331782,Q15166,PON3,Inflammation,Unique Protein
OID20778,56.39527465437967,P07148,FABP1,Inflammation,Unique Protein
OID20779,62.38913107645031,O95866,MPIG6B,Inflammation,Unique Protein
OID20780,39.59278947421786,P15291,B4GALT1,Inflammation,Unique Protein
OID20781,32.46960081458492,O00182,LGALS9,Inflammation,Unique Protein
OID20782,38.81506104391998,O95633,FSTL3,Inflammation,Unique Protein
OID20783,35.85246035639629,Q92956,TNFRSF14,Inflammation,Unique Protein
OID20784,40.16415392191319,Q9BYZ8,REG4,Inflammation,Unique Protein
OID20785,38.68122398665847,Q8TEU8,WFIKKN2,Inflammation,Unique Protein
OID20786,39.65029270805938,O00468,AGRN,Inflammation,Unique Protein
OID20787,42.10323312509202,Q03403,TFF2,Inflammation,Unique Protein
OID20788,58.50551046835607,P19876,CXCL3,Inflammation,Unique Protein
OID20789,34.59988508623484,Q13232,NME3,Inflammation,Unique Protein
OID30420,559.8627622093624,Q8N907,DAND5,Inflammation_II,Unique Protein
OID30421,35.35669478104476,P24530,EDNRB,Inflammation_II,Unique Protein
OID30422,48.709385436310185,Q99665,IL12RB2,Inflammation_II,Unique Protein
OID30423,45.9142719813142,Q7Z698,SPRED2,Inflammation_II,Unique Protein
OID30424,69.90938316061842,Q9NRR2,TPSG1,Inflammation_II,Unique Protein
OID30425,31.429736601494252,Q16665,HIF1A,Inflammation_II,Unique Protein
OID30426,46.244582057040546,Q9Y4C1,KDM3A,Inflammation_II,Unique Protein
OID30427,41.5605995604305,Q9H832,UBE2Z,Inflammation_II,Unique Protein
OID30428,48.023959158800054,O00206,TLR4,Inflammation_II,Unique Protein
OID30429,28.245292380825116,P10070,GLI2,Inflammation_II,Unique Protein
OID30430,42.83569531860512,Q04609,FOLH1,Inflammation_II,Unique Protein
OID30431,75.40595763065262,Q9NQI0,DDX4,Inflammation_II,Unique Protein
OID30432,49.934998239968316,Q13190,STX5,Inflammation_II,Unique Protein
OID30433,40.05337617683498,Q6R327,RICTOR,Inflammation_II,Unique Protein
OID30434,121.25040118623127,P03372,ESR1,Inflammation_II,Unique Protein
OID30435,43.69947868567433,P41273,TNFSF9,Inflammation_II,Unique Protein
OID30436,62.93671895494452,Q9BY41,HDAC8,Inflammation_II,Unique Protein
OID30437,46.151688906853124,P43378,PTPN9,Inflammation_II,Unique Protein
OID30438,27.274786570966224,Q09472,EP300,Inflammation_II,Unique Protein
OID30439,34.23836259612328,Q96EB6,SIRT1,Inflammation_II,Unique Protein
OID30440,53.22451268035141,P24928,POLR2A,Inflammation_II,Unique Protein
OID30441,29.812857998260554,Q9HBE5,IL21R,Inflammation_II,Unique Protein
OID30442,47.150834133122856,Q92185,ST8SIA1,Inflammation_II,Unique Protein
OID30443,53.60335048180747,P10767,FGF6,Inflammation_II,Unique Protein
OID30444,82.40912564379391,Q8WX93,PALLD,Inflammation_II,Unique Protein
OID30445,42.73779103876372,Q9UPW0,FOXJ3,Inflammation_II,Unique Protein
OID30446,49.4926830247398,P25490,YY1,Inflammation_II,Unique Protein
OID30447,44.20875235067147,Q6UXZ4,UNC5D,Inflammation_II,Unique Protein
OID30448,44.93751571806527,P09693,CD3G,Inflammation_II,Unique Protein
OID30449,43.337856269990134,Q05329,GAD2,Inflammation_II,Unique Protein
OID30450,26.237284304335056,Q6UXM1,LRIG3,Inflammation_II,Unique Protein
OID30451,27.84551098463421,P15531,NME1,Inflammation_II,Unique Protein
OID30452,59.790512120980935,P62834,RAP1A,Inflammation_II,Unique Protein
OID30453,39.28269618013237,P15927,RPA2,Inflammation_II,Unique Protein
OID30454,34.71299000115691,P61328,FGF12,Inflammation_II,Unique Protein
OID30455,50.174401048210036,P46013,MKI67,Inflammation_II,Unique Protein
OID30456,30.179392851818694,P24864,CCNE1,Inflammation_II,Unique Protein
OID30457,57.432019536738736,P85299,PRR5,Inflammation_II,Unique Protein
OID30458,29.909454261322054,P49715,CEBPA,Inflammation_II,Unique Protein
OID30459,29.144129407402964,Q9NP95,FGF20,Inflammation_II,Unique Protein
OID30460,40.73100236364463,P06401,PGR,Inflammation_II,Unique Protein
OID30461,30.121261453930494,Q6UXL0,IL20RB,Inflammation_II,Unique Protein
OID30462,38.41880873090686,Q9NP85,NPHS2,Inflammation_II,Unique Protein
OID30463,55.85033983178186,Q01201,RELB,Inflammation_II,Unique Protein
OID30464,38.95409376704975,Q9NZS2,KLRF1,Inflammation_II,Unique Protein
OID30465,54.62621636243254,Q9Y2I7,PIKFYVE,Inflammation_II,Unique Protein
OID30466,64.66281021703033,Q9NWV8,BABAM1,Inflammation_II,Unique Protein
OID30467,95.41671564974592,O00401,WASL,Inflammation_II,Unique Protein
OID30468,45.167005768673434,Q04837,SSBP1,Inflammation_II,Unique Protein
OID30469,47.94712555033888,O75365,PTP4A3,Inflammation_II,Unique Protein
OID30470,46.208263504771615,Q12888,TP53BP1,Inflammation_II,Unique Protein
OID30471,47.84665595102106,O75173,ADAMTS4,Inflammation_II,Unique Protein
OID30472,136.84070274691155,Q9UHA7,IL36A,Inflammation_II,Unique Protein
OID30473,48.78026940277998,Q96EP0,RNF31,Inflammation_II,Unique Protein
OID30474,51.0214574071156,O95429,BAG4,Inflammation_II,Unique Protein
OID30475,46.46614358368821,Q8NI17,IL31RA,Inflammation_II,Unique Protein
OID30476,66.26316013661895,Q9NS62,THSD1,Inflammation_II,Unique Protein
OID30477,45.978175038164366,Q9NY59,SMPD3,Inflammation_II,Unique Protein
OID30478,49.81889870168465,Q92574,TSC1,Inflammation_II,Unique Protein
OID30479,28.342501189448782,Q13114-2,TRAF3,Inflammation_II,Unique Protein
OID30480,38.99915839713054,P54274,TERF1,Inflammation_II,Unique Protein
OID30481,53.56921185823011,Q96MM7,HS6ST2,Inflammation_II,Unique Protein
OID30482,30.56861036491729,P35219,CA8,Inflammation_II,Unique Protein
OID30483,49.20130292484137,Q9GZN4,PRSS22,Inflammation_II,Unique Protein
OID30484,35.52585357348511,Q9NQ66,PLCB1,Inflammation_II,Unique Protein
OID30485,28.20554239666679,P16671,CD36,Inflammation_II,Unique Protein
OID30486,59.836187456474995,Q8NBK3,SUMF1,Inflammation_II,Unique Protein
OID30487,40.31591708501466,Q6EBC2,IL31,Inflammation_II,Unique Protein
OID30488,52.03831453721519,Q8NHP1,AKR7L,Inflammation_II,Unique Protein
OID30489,24.44000716101246,Q9Y3D3,MRPS16,Inflammation_II,Unique Protein
OID30490,53.20704853870427,P98170,XIAP,Inflammation_II,Unique Protein
OID30491,41.82667149377252,O43184,ADAM12,Inflammation_II,Unique Protein
OID30492,55.19145628394844,P48730,CSNK1D,Inflammation_II,Unique Protein
OID30493,46.46468411431462,O43583,DENR,Inflammation_II,Unique Protein
OID30494,28.60465160838876,O00148,DDX39A,Inflammation_II,Unique Protein
OID30495,28.55595087223812,P36551,CPOX,Inflammation_II,Unique Protein
OID30496,55.71031802147591,Q96D71,REPS1,Inflammation_II,Unique Protein
OID30497,65.61913329812232,P09923,ALPI,Inflammation_II,Unique Protein
OID30498,55.73024451416497,Q5TBC7,BCL2L15,Inflammation_II,Unique Protein
OID30499,45.26467358504343,Q9UHN6,CEMIP2,Inflammation_II,Unique Protein
OID30500,40.22049255721912,Q6B9Z1,IGFL4,Inflammation_II,Unique Protein
OID30501,73.55399933286857,Q8IX19,MCEMP1,Inflammation_II,Unique Protein
OID30502,72.08251460422458,P36897,TGFBR1,Inflammation_II,Unique Protein
OID30503,45.1758669231526,Q14511,NEDD9,Inflammation_II,Unique Protein
OID30504,51.63989098369487,Q8WVV4,POF1B,Inflammation_II,Unique Protein
OID30505,53.32526494285605,Q9UIK4,DAPK2,Inflammation_II,Unique Protein
OID30506,85.4021979789279,Q8IYW5,RNF168,Inflammation_II,Unique Protein
OID30507,49.38805184472663,Q93062,RBPMS,Inflammation_II,Unique Protein
OID30508,34.197401691600604,Q15697,ZNF174,Inflammation_II,Unique Protein
OID30509,58.474987170865866,P17050,NAGA,Inflammation_II,Unique Protein
OID30510,56.36461513050327,Q96PX8,SLITRK1,Inflammation_II,Unique Protein
OID30511,133.7513028375457,P56645,PER3,Inflammation_II,Unique Protein
OID30512,40.6241457158326,Q9H0U9,TSPYL1,Inflammation_II,Unique Protein
OID30513,53.84403625263494,P26436,ACRV1,Inflammation_II,Unique Protein
OID30514,53.48760163237161,Q5JS54,PSMG4,Inflammation_II,Unique Protein
OID30515,64.25228079505088,Q7Z5L3,C1QL2,Inflammation_II,Unique Protein
OID30516,51.714882410999394,Q15465,SHH,Inflammation_II,Unique Protein
OID30517,28.410928913189586,P17643,TYRP1,Inflammation_II,Unique Protein
OID30518,80.14214125371436,Q8IV38,ANKMY2,Inflammation_II,Unique Protein
OID30519,68.2077817792074,O60447,EVI5,Inflammation_II,Unique Protein
OID30520,39.96219122266094,Q16718,NDUFA5,Inflammation_II,Unique Protein
OID30521,35.21329009906643,Q96PU5,NEDD4L,Inflammation_II,Unique Protein
OID30522,119.23270828128109,O94916,NFAT5,Inflammation_II,Unique Protein
OID30523,104.13771723627659,O95835,LATS1,Inflammation_II,Unique Protein
OID30524,71.36078919340531,P24666,ACP1,Inflammation_II,Unique Protein
OID30525,49.53916869359352,O60238,BNIP3L,Inflammation_II,Unique Protein
OID30526,26.158465817907995,Q9H171,ZBP1,Inflammation_II,Unique Protein
OID30527,66.19268557747996,Q99062,CSF3R,Inflammation_II,Unique Protein
OID30528,58.86336707377002,Q9UHI8,ADAMTS1,Inflammation_II,Unique Protein
OID30529,71.41173511355791,Q99584,S100A13,Inflammation_II,Unique Protein
OID30530,62.80361749719504,P55211,CASP9,Inflammation_II,Unique Protein
OID30531,36.17648272767453,Q9H3T2,SEMA6C,Inflammation_II,Unique Protein
OID30532,43.05791012108196,Q15399,TLR1,Inflammation_II,Unique Protein
OID30533,99.23042616151963,Q9Y2X7,GIT1,Inflammation_II,Unique Protein
OID30534,53.23447214776997,P81534,DEFB103A_DEFB103B,Inflammation_II,Unique Protein
OID30535,67.63077797141617,O43320,FGF16,Inflammation_II,Unique Protein
OID30536,66.26620067725742,P52630,STAT2,Inflammation_II,Unique Protein
OID30537,111.38917551228984,P20701,ITGAL,Inflammation_II,Unique Protein
OID30538,80.46619599023552,Q86UE4,MTDH,Inflammation_II,Unique Protein
OID30539,59.22421246173829,Q96PL5,ERMAP,Inflammation_II,Unique Protein
OID30540,47.76928324857398,O60500,NPHS1,Inflammation_II,Unique Protein
OID30541,49.180136195572864,Q8WV28,BLNK,Inflammation_II,Unique Protein
OID30542,203.61050869354474,P48546,GIPR,Inflammation_II,Unique Protein
OID30543,55.25997168700321,P09564,CD7,Inflammation_II,Unique Protein
OID30544,28.56312960546105,P11487,FGF3,Inflammation_II,Unique Protein
OID30545,64.34011143882438,Q15223,NECTIN1,Inflammation_II,Unique Protein
OID30546,45.86524289446988,P23743,DGKA,Inflammation_II,Unique Protein
OID30547,55.58167621417795,P29536,LMOD1,Inflammation_II,Duplicated Protein and not lowest CV
OID30548,50.35771753558323,O75688,PPM1B,Inflammation_II,Unique Protein
OID30549,43.12223525437211,Q16643,DBN1,Inflammation_II,Unique Protein
OID30550,36.99245144726284,Q5T2W1,PDZK1,Inflammation_II,Unique Protein
OID30551,49.42273755640241,Q9NZH8,IL36G,Inflammation_II,Unique Protein
OID30552,27.946496330290582,Q5QGZ9,CLEC12A,Inflammation_II,Unique Protein
OID30553,51.222114224485004,P32927,CSF2RB,Inflammation_II,Unique Protein
OID30554,66.57326199584163,P49765,VEGFB,Inflammation_II,Unique Protein
OID30555,92.44777742445937,Q9BV40,VAMP8,Inflammation_II,Unique Protein
OID30556,61.92383732885289,Q15762,CD226,Inflammation_II,Unique Protein
OID30557,118.02336785054979,P06730,EIF4E,Inflammation_II,Unique Protein
OID30558,58.6914798786353,Q14160,SCRIB,Inflammation_II,Duplicated Protein and not lowest CV
OID30559,73.25831135024782,Q02880,TOP2B,Inflammation_II,Unique Protein
OID30560,90.21670118990194,O15400,STX7,Inflammation_II,Unique Protein
OID30561,67.7626612290181,Q9H7Z7,PTGES2,Inflammation_II,Unique Protein
OID30563,76.0932682740361,P14902,IDO1,Inflammation_II,Duplicated Protein and not lowest CV
OID30564,41.64327714245225,O60437,PPL,Inflammation_II,Unique Protein
OID30565,43.94976942455416,O95157,NXPH3,Inflammation_II,Unique Protein
OID30566,14.610273886830981,P06213,INSR,Inflammation_II,Unique Protein
OID30567,98.70088567001243,P11234,RALB,Inflammation_II,Unique Protein
OID30568,80.85434788919828,P49757,NUMB,Inflammation_II,Unique Protein
OID30569,75.90843028252388,Q8N556,AFAP1,Inflammation_II,Unique Protein
OID30570,40.086785962865115,P17301,ITGA2,Inflammation_II,Unique Protein
OID30571,31.701688388380568,Q02952,AKAP12,Inflammation_II,Unique Protein
OID30572,30.020287093459224,Q4VCS5,AMOT,Inflammation_II,Unique Protein
OID30573,66.58554686279129,P30101,PDIA3,Inflammation_II,Unique Protein
OID30574,29.957918714906956,P10912,GHR,Inflammation_II,Unique Protein
OID30575,41.68853493447528,O95393,BMP10,Inflammation_II,Unique Protein
OID30576,36.30712624292911,Q9UGN4,CD300A,Inflammation_II,Unique Protein
OID30577,22.65772646112992,Q96QR1,SCGB3A1,Inflammation_II,Unique Protein
OID30578,94.89312489868352,P30040,ERP29,Inflammation_II,Unique Protein
OID30579,36.726829095913935,Q9ULI3,HEG1,Inflammation_II,Unique Protein
OID30580,75.74572906431898,Q8TEA8,DTD1,Inflammation_II,Unique Protein
OID30581,51.60601777241302,P01037,CST1,Inflammation_II,Unique Protein
OID30582,37.956384044926295,Q9H7Y0,DIPK2B,Inflammation_II,Unique Protein
OID30583,35.736302280229324,Q9BRK3,MXRA8,Inflammation_II,Unique Protein
OID30584,67.17784116428412,O76074,PDE5A,Inflammation_II,Unique Protein
OID30585,39.821594248965084,P22303,ACHE,Inflammation_II,Unique Protein
OID30586,46.51902833361172,Q9BX67,JAM3,Inflammation_II,Unique Protein
OID30587,34.74705121257969,P20908,COL5A1,Inflammation_II,Unique Protein
OID30588,34.84882630715628,Q6QNK2,ADGRD1,Inflammation_II,Unique Protein
OID30589,40.45659476139119,Q02223,TNFRSF17,Inflammation_II,Unique Protein
OID30590,94.16080058184222,Q8NEU8,APPL2,Inflammation_II,Unique Protein
OID30591,36.428188967320466,Q9BUH6,PAXX,Inflammation_II,Unique Protein
OID30592,46.39318899949447,Q8NDA2,HMCN2,Inflammation_II,Unique Protein
OID30593,44.38427444463374,Q9HCU4,CELSR2,Inflammation_II,Unique Protein
OID30594,34.77974095074138,P06280,GLA,Inflammation_II,Unique Protein
OID30595,29.242922049732474,Q9BUN1,MENT,Inflammation_II,Unique Protein
OID30596,72.46397691665811,Q9H939,PSTPIP2,Inflammation_II,Unique Protein
OID30597,36.8503484377045,Q8TDQ7,GNPDA2,Inflammation_II,Unique Protein
OID30598,31.53464529974071,P55083,MFAP4,Inflammation_II,Unique Protein
OID30599,44.23497110043436,Q9NS98,SEMA3G,Inflammation_II,Unique Protein
OID30600,94.53715504453736,P04406,GAPDH,Inflammation_II,Unique Protein
OID30601,68.02202931834857,P04090,RLN2,Inflammation_II,Unique Protein
OID30602,50.111203084120085,Q5TDH0,DDI2,Inflammation_II,Unique Protein
OID30603,55.9975186931301,P06132,UROD,Inflammation_II,Unique Protein
OID30604,32.32210163634819,Q99574,SERPINI1,Inflammation_II,Unique Protein
OID30605,48.86802982326263,P27348,YWHAQ,Inflammation_II,Unique Protein
OID30606,36.3026181090801,Q9UI42,CPA4,Inflammation_II,Unique Protein
OID30607,44.98246398466315,Q16378,PRR4,Inflammation_II,Unique Protein
OID30608,34.38929545256633,Q6P5S2,LEG1,Inflammation_II,Unique Protein
OID30609,64.17543248077112,O43399,TPD52L2,Inflammation_II,Unique Protein
OID30610,23.202404902509812,P61457,PCBD1,Inflammation_II,Unique Protein
OID30611,40.21678535357816,P40197,GP5,Inflammation_II,Unique Protein
OID30612,36.5654751984012,P00325,ADH1B,Inflammation_II,Unique Protein
OID30613,37.41966052906891,O75190,DNAJB6,Inflammation_II,Unique Protein
OID30614,37.536591454981895,Q5JS37,NHLRC3,Inflammation_II,Unique Protein
OID30615,36.191430729153296,Q8N8U9,BMPER,Inflammation_II,Unique Protein
OID30616,77.12476071847841,O75347,TBCA,Inflammation_II,Unique Protein
OID30617,32.94488393836596,P04083,ANXA1,Inflammation_II,Unique Protein
OID30618,35.40792123871914,Q9BXJ0,C1QTNF5,Inflammation_II,Unique Protein
OID30619,41.45026097190469,Q96HD1,CRELD1,Inflammation_II,Unique Protein
OID30620,37.724795148901244,P0C862,C1QTNF9,Inflammation_II,Unique Protein
OID30621,81.18190561496851,Q13976,PRKG1,Inflammation_II,Unique Protein
OID30622,43.41814028278883,P54764,EPHA4,Inflammation_II,Unique Protein
OID30623,58.005747676210376,Q9P2T1,GMPR2,Inflammation_II,Unique Protein
OID30624,57.38333433660823,P50502,ST13,Inflammation_II,Unique Protein
OID30625,39.70647586637867,P09529,INHBB,Inflammation_II,Unique Protein
OID30626,21.825893199022154,A2VDF0,FUOM,Inflammation_II,Unique Protein
OID30627,40.49789938639382,P20155,SPINK2,Inflammation_II,Unique Protein
OID30628,35.639702674732725,P14091,CTSE,Inflammation_II,Unique Protein
OID30629,50.485453961125636,Q6P589,TNFAIP8L2,Inflammation_II,Unique Protein
OID30630,72.53787546408496,O14745,SLC9A3R1,Inflammation_II,Unique Protein
OID30631,35.50646273864295,P30047,GCHFR,Inflammation_II,Unique Protein
OID30632,43.98221193589052,Q53FA7,TP53I3,Inflammation_II,Unique Protein
OID30633,34.33495735891922,Q5VTT5,MYOM3,Inflammation_II,Unique Protein
OID30634,44.21955793388504,Q8IUZ5,PHYKPL,Inflammation_II,Unique Protein
OID30635,27.84577626939794,P52758,RIDA,Inflammation_II,Unique Protein
OID30636,49.675710704748546,Q96A49,SYAP1,Inflammation_II,Unique Protein
OID30637,47.128755724805885,Q9NQ48,LZTFL1,Inflammation_II,Unique Protein
OID30638,40.24694294056403,O96007,MOCS2,Inflammation_II,Unique Protein
OID30639,42.2174612432904,Q8NHV1,GIMAP7,Inflammation_II,Unique Protein
OID30640,39.08313480758604,Q96AJ9,VTI1A,Inflammation_II,Unique Protein
OID30641,39.649147199104625,P21854,CD72,Inflammation_II,Unique Protein
OID30642,52.530903791210804,P07311,ACYP1,Inflammation_II,Unique Protein
OID30643,35.13579649113166,Q9UK23,NAGPA,Inflammation_II,Unique Protein
OID30644,32.81072082171296,Q9NRS6,SNX15,Inflammation_II,Unique Protein
OID30645,141.68346970972803,P37840,SNCA,Inflammation_II,Unique Protein
OID30646,40.831918470709795,P22455,FGFR4,Inflammation_II,Unique Protein
OID30647,64.14789666934723,Q15276,RABEP1,Inflammation_II,Unique Protein
OID30648,39.50986365076579,Q6FHJ7,SFRP4,Inflammation_II,Unique Protein
OID30649,65.14292776036312,Q9HB71,CACYBP,Inflammation_II,Unique Protein
OID30650,40.48673968553981,O60279,SUSD5,Inflammation_II,Unique Protein
OID30651,41.9518751966471,A6NC86,PINLYP,Inflammation_II,Unique Protein
OID30652,36.46729994154892,P49862,KLK7,Inflammation_II,Unique Protein
OID30653,59.31963460796352,Q92619,ARHGAP45,Inflammation_II,Unique Protein
OID30654,45.96740798362152,Q04323,UBXN1,Inflammation_II,Unique Protein
OID30655,74.90438423687563,P35611,ADD1,Inflammation_II,Unique Protein
OID30656,65.34426070184772,Q8N0X7,SPART,Inflammation_II,Unique Protein
OID30657,61.243410180087665,P32321,DCTD,Inflammation_II,Unique Protein
OID30658,54.62744500624268,P56192,MARS1,Inflammation_II,Unique Protein
OID30659,55.42197854342324,Q6GMV3,PTRHD1,Inflammation_II,Unique Protein
OID30660,34.71370779990847,O15335,CHAD,Inflammation_II,Unique Protein
OID30661,45.793159318777434,P25686,DNAJB2,Inflammation_II,Unique Protein
OID30662,37.71035681469074,Q58EX2,SDK2,Inflammation_II,Unique Protein
OID30663,84.24865191547804,Q86SX6,GLRX5,Inflammation_II,Unique Protein
OID30664,84.20679807345068,Q9Y4D1,DAAM1,Inflammation_II,Unique Protein
OID30665,63.57492495425626,Q6UX06,OLFM4,Inflammation_II,Unique Protein
OID30666,28.22509753033802,P01210,PENK,Inflammation_II,Unique Protein
OID30667,105.36098155614167,P0DML2,CSH1,Inflammation_II,Unique Protein
OID30668,27.443893995636408,P32119,PRDX2,Inflammation_II,Unique Protein
OID30669,15.136619564145029,P40925,MDH1,Inflammation_II,Unique Protein
OID30670,44.62702010299762,P10599,TXN,Inflammation_II,Unique Protein
OID30671,67.88835648289022,P0DN86,CGB3_CGB5_CGB8,Inflammation_II,Unique Protein
OID30672,28.162308398561287,P07998,RNASE1,Inflammation_II,Unique Protein
OID30673,58.03278650164639,P04114,APOB,Inflammation_II,Unique Protein
OID30674,57.27646954710014,Q92686,NRGN,Inflammation_II,Unique Protein
OID30675,214.15707443481776,P16442,ABO,Inflammation_II,Unique Protein
OID30676,45.37094966927174,Q6UXB8,PI16,Inflammation_II,Unique Protein
OID30677,62.16817795281933,P04180,LCAT,Inflammation_II,Unique Protein
OID30678,44.46239582065331,Q0ZGT2,NEXN,Inflammation_II,Unique Protein
OID30679,46.82555256438267,P07307,ASGR2,Inflammation_II,Unique Protein
OID30680,46.77353627196631,P06744,GPI,Inflammation_II,Unique Protein
OID30681,65.65748606137227,P07333,CSF1R,Inflammation_II,Unique Protein
OID30682,89.40206439119146,Q86YW5,TREML1,Inflammation_II,Unique Protein
OID30683,51.09140499822749,P08294,SOD3,Inflammation_II,Unique Protein
OID30684,48.337307874534666,P00742,F10,Inflammation_II,Unique Protein
OID30685,65.13055147784573,P04278,SHBG,Inflammation_II,Unique Protein
OID30686,296.18783150164865,P02652,APOA2,Inflammation_II,Unique Protein
OID30687,32.115765787191044,P20061,TCN1,Inflammation_II,Unique Protein
OID30688,42.043497437421436,P12955,PEPD,Inflammation_II,Unique Protein
OID30689,40.339789114263894,Q93091,RNASE6,Inflammation_II,Unique Protein
OID30690,67.88443019779534,O00602,FCN1,Inflammation_II,Unique Protein
OID30691,33.08846586618987,O43493,TGOLN2,Inflammation_II,Unique Protein
OID30692,71.09200465482563,P50552,VASP,Inflammation_II,Unique Protein
OID30693,50.96098485171356,P16233,PNLIP,Inflammation_II,Unique Protein
OID30694,46.625836782532005,P22897,MRC1,Inflammation_II,Unique Protein
OID30696,31.10380543227429,P12821,ACE,Inflammation_II,Unique Protein
OID30697,68.10167107993831,P17927,CR1,Inflammation_II,Unique Protein
OID30698,137.75459483346347,P02748,C9,Inflammation_II,Unique Protein
OID30699,60.96090674705654,P0DJD7,PGA4,Inflammation_II,Unique Protein
OID30700,49.46928216124872,P00390,GSR,Inflammation_II,Unique Protein
OID30701,63.08711133195637,Q13790,APOF,Inflammation_II,Unique Protein
OID30702,45.85176267953174,Q08830,FGL1,Inflammation_II,Unique Protein
OID30703,67.06935791207201,P09172,DBH,Inflammation_II,Unique Protein
OID30704,50.687315448186546,P27169,PON1,Inflammation_II,Unique Protein
OID30705,64.20714784473488,P34096,RNASE4,Inflammation_II,Unique Protein
OID30706,72.78231284247772,P02765,AHSG,Inflammation_II,Unique Protein
OID30707,33.34499774227177,P0DUB6_P0DTE7_P0DTE8,AMY1A_AMY1B_AMY1C,Inflammation_II,Unique Protein
OID30708,76.59183584930517,O14791,APOL1,Inflammation_II,Unique Protein
OID30709,79.57394509436057,P01019,AGT,Inflammation_II,Unique Protein
OID30710,52.700676360264055,Q01459,CTBS,Inflammation_II,Unique Protein
OID30711,51.49167201207806,O95497,VNN1,Inflammation_II,Unique Protein
OID30712,40.80767740655128,P04040,CAT,Inflammation_II,Unique Protein
OID30713,56.46155398378606,P26927,MST1,Inflammation_II,Unique Protein
OID30714,35.087225399775804,P06396,GSN,Inflammation_II,Unique Protein
OID30715,27.486200767001446,P54108,CRISP3,Inflammation_II,Unique Protein
OID30716,65.58533200411229,Q9BXR6,CFHR5,Inflammation_II,Unique Protein
OID30717,62.44915515180237,P06276,BCHE,Inflammation_II,Unique Protein
OID30718,58.63295887516161,Q04756,HGFAC,Inflammation_II,Unique Protein
OID30719,36.292415946435106,P07358,C8B,Inflammation_II,Unique Protein
OID30720,39.63059681106343,P36980,CFHR2,Inflammation_II,Unique Protein
OID30721,33.335632448138554,Q9NZP8,C1RL,Inflammation_II,Unique Protein
OID30722,38.943871326061064,P19827,ITIH1,Inflammation_II,Unique Protein
OID30723,26.727549099723397,P00734,F2,Inflammation_II,Unique Protein
OID30724,35.24692322511685,P05543,SERPINA7,Inflammation_II,Unique Protein
OID30725,49.079271684069234,P61769,B2M,Inflammation_II,Unique Protein
OID30726,31.623214463148173,P35542,SAA4,Inflammation_II,Unique Protein
OID30727,69.34855638887286,P02649,APOE,Inflammation_II,Unique Protein
OID30728,32.408938550126045,Q9Y5Y7,LYVE1,Inflammation_II,Unique Protein
OID30729,58.568964750354304,O00391,QSOX1,Inflammation_II,Unique Protein
OID30730,46.664871139393675,P20742,PZP,Inflammation_II,Unique Protein
OID30731,35.50777408036589,P09871,C1S,Inflammation_II,Unique Protein
OID30732,54.500274023869046,P10909,CLU,Inflammation_II,Unique Protein
OID30733,47.10827942206107,P06727,APOA4,Inflammation_II,Unique Protein
OID30734,34.442635150122996,Q96IY4,CPB2,Inflammation_II,Unique Protein
OID30735,34.409203602817094,O75882-2,ATRN,Inflammation_II,Unique Protein
OID30736,40.91409150147631,Q16610,ECM1,Inflammation_II,Unique Protein
OID30737,40.640750290011255,P07225,PROS1,Inflammation_II,Unique Protein
OID30738,36.76884390824656,P00746,CFD,Inflammation_II,Unique Protein
OID30739,40.78608811490203,P00748,F12,Inflammation_II,Unique Protein
OID30740,37.374554551860555,P0DOY2,IGLC2,Inflammation_II,Unique Protein
OID30741,37.502260900693344,P43652,AFM,Inflammation_II,Unique Protein
OID30742,36.110420343925284,Q96PD5,PGLYRP2,Inflammation_II,Unique Protein
OID30743,34.190998676183014,P08185,SERPINA6,Inflammation_II,Unique Protein
OID30744,28.651692063436506,P01031,C5,Inflammation_II,Unique Protein
OID30745,36.538863641361765,P49908,SELENOP,Inflammation_II,Unique Protein
OID30746,53.54490692059899,P05090,APOD,Inflammation_II,Unique Protein
OID30747,54.48090892621258,P08519,LPA,Inflammation_II,Unique Protein
OID30748,24.85935494777617,Q15848,ADIPOQ,Inflammation_II,Unique Protein
OID30749,124.32845575628049,P02654,APOC1,Inflammation_II,Unique Protein
OID30750,30.977102428333726,P01009,SERPINA1,Inflammation_II,Unique Protein
OID30751,32.624547325488315,P02750,LRG1,Inflammation_II,Unique Protein
OID30752,29.093756862261177,P14151,SELL,Inflammation_II,Unique Protein
OID30753,25.42829278883863,P00736,C1R,Inflammation_II,Unique Protein
OID30754,33.06651124654349,P43251,BTD,Inflammation_II,Unique Protein
OID30755,43.88075776340995,P00751,CFB,Inflammation_II,Unique Protein
OID30756,33.44048128493123,P05452,CLEC3B,Inflammation_II,Unique Protein
OID30757,23.272420802014345,P36955,SERPINF1,Inflammation_II,Unique Protein
OID30758,24.84905387313403,Q92496,CFHR4,Inflammation_II,Unique Protein
OID30759,43.01479975825188,P11226,MBL2,Inflammation_II,Unique Protein
OID30760,31.050034337296673,P03952,KLKB1,Inflammation_II,Unique Protein
OID30761,79.5236044073025,P02775,PPBP,Inflammation_II,Unique Protein
OID30762,46.298214106808324,Q14624,ITIH4,Inflammation_II,Unique Protein
OID30763,51.73952533583833,P05154,SERPINA5,Inflammation_II,Unique Protein
OID30764,109.24852364503599,P02776,PF4,Inflammation_II,Unique Protein
OID30765,41.57656078504346,Q08380,LGALS3BP,Inflammation_II,Unique Protein
OID30766,28.816045786155208,P10643,C7,Inflammation_II,Unique Protein
OID30767,33.84475479238815,P05546,SERPIND1,Inflammation_II,Unique Protein
OID30768,32.72113157798546,P02763,ORM1,Inflammation_II,Unique Protein
OID30769,86.34868465133147,P02647,APOA1,Inflammation_II,Unique Protein
OID30770,40.1040388508511,P04196,HRG,Inflammation_II,Unique Protein
OID30771,35.886449020471346,P04217,A1BG,Inflammation_II,Unique Protein
OID30772,30.113185594719656,P05156,CFI,Inflammation_II,Unique Protein
OID30773,37.97024216315708,P03951,F11,Inflammation_II,Unique Protein
OID30774,37.38540600448207,P29622,SERPINA4,Inflammation_II,Unique Protein
OID30775,37.50523322775056,O43866,CD5L,Inflammation_II,Unique Protein
OID30776,55.07167764863178,P01024,C3,Inflammation_II,Unique Protein
OID30777,36.156985867230766,P05155,SERPING1,Inflammation_II,Unique Protein
OID30778,35.137522749431525,P02743,APCS,Inflammation_II,Unique Protein
OID30779,41.8200924418901,P08697,SERPINF2,Inflammation_II,Unique Protein
OID30780,34.546833284330816,P02774,GC,Inflammation_II,Unique Protein
OID30781,32.26203336499052,P05160,F13B,Inflammation_II,Unique Protein
OID30782,38.174421160027904,P02766,TTR,Inflammation_II,Unique Protein
OID30783,44.33744392132356,P02787,TF,Inflammation_II,Unique Protein
OID30784,21.98777685082716,P27918,CFP,Inflammation_II,Unique Protein
OID30785,38.16351746979272,P00747,PLG,Inflammation_II,Unique Protein
OID30786,35.44717846317659,P01011,SERPINA3,Inflammation_II,Unique Protein
OID30787,48.46148062467409,P02751,FN1,Inflammation_II,Unique Protein
OID30788,33.22073694698384,P02671,FGA,Inflammation_II,Unique Protein
OID30789,32.47365174774573,P01008,SERPINC1,Inflammation_II,Unique Protein
OID30790,35.47008470771825,P08603,CFH,Inflammation_II,Unique Protein
OID30791,76.06693419594195,Q8IZJ0,IFNL2,Neurology_II,Unique Protein
OID30792,51.81978214745783,Q7L311,ARMCX2,Neurology_II,Unique Protein
OID30793,240.5999231594512,Q5U5Z8,AGBL2,Neurology_II,Unique Protein
OID30794,111.2893342460761,O75631,UPK3A,Neurology_II,Unique Protein
OID30795,94.28550057067618,Q9UKW4,VAV3,Neurology_II,Unique Protein
OID30796,47.51646222496906,O76039,CDKL5,Neurology_II,Unique Protein
OID30797,75.22277425251984,Q96PV0,SYNGAP1,Neurology_II,Unique Protein
OID30798,64.54907307195364,O95049,TJP3,Neurology_II,Unique Protein
OID30799,46.83042757582056,Q13509,TUBB3,Neurology_II,Unique Protein
OID30800,44.936900336310714,P35221,CTNNA1,Neurology_II,Unique Protein
OID30801,43.65615102783853,O75312,ZPR1,Neurology_II,Unique Protein
OID30802,41.26146155477153,Q13224,GRIN2B,Neurology_II,Unique Protein
OID30803,65.69933670032805,P48169,GABRA4,Neurology_II,Unique Protein
OID30804,57.30109510673201,Q9NY72,SCN3B,Neurology_II,Unique Protein
OID30805,47.873348659675976,Q9NQW8,CNGB3,Neurology_II,Unique Protein
OID30806,45.70821794587128,Q96J84,KIRREL1,Neurology_II,Unique Protein
OID30807,530.014343221649,P26441,CNTF,Neurology_II,Unique Protein
OID30808,79.51436296795423,O43474,KLF4,Neurology_II,Unique Protein
OID30809,61.71539720120332,P43220,GLP1R,Neurology_II,Unique Protein
OID30810,60.45903790851398,P41732,TSPAN7,Neurology_II,Unique Protein
OID30811,38.73721977522654,P60880,SNAP25,Neurology_II,Unique Protein
OID30812,46.89671412980041,P49792,RANBP2,Neurology_II,Unique Protein
OID30813,48.98243912401243,Q03721,KCNC4,Neurology_II,Unique Protein
OID30814,39.37108586788891,Q17R60,IMPG1,Neurology_II,Unique Protein
OID30815,67.90288151767915,Q14894,CRYM,Neurology_II,Unique Protein
OID30816,118.25835247187442,Q96Q89,KIF20B,Neurology_II,Unique Protein
OID30817,85.47386748150349,O95372,LYPLA2,Neurology_II,Unique Protein
OID30818,62.89845817384998,Q9H461,FZD8,Neurology_II,Unique Protein
OID30819,59.256307129692644,Q96P66,GPR101,Neurology_II,Unique Protein
OID30820,80.78263902074738,Q02641,CACNB1,Neurology_II,Unique Protein
OID30821,44.24599931974127,Q8N111,CEND1,Neurology_II,Unique Protein
OID30822,72.18491903855974,Q5SXM8,DNLZ,Neurology_II,Unique Protein
OID30823,58.561489718144955,Q30KQ4,DEFB116,Neurology_II,Unique Protein
OID30824,68.60130373436667,P08908,HTR1A,Neurology_II,Unique Protein
OID30825,61.227856929959245,Q7RTW8,OTOA,Neurology_II,Unique Protein
OID30826,53.58594960268325,P25440,BRD2,Neurology_II,Unique Protein
OID30827,56.877232128343614,P04234,CD3D,Neurology_II,Unique Protein
OID30828,46.44371130396344,Q96L15,ART5,Neurology_II,Unique Protein
OID30829,59.672011425967916,Q15042,RAB3GAP1,Neurology_II,Unique Protein
OID30830,82.77021363106782,Q96GG9,DCUN1D1,Neurology_II,Unique Protein
OID30831,46.63947727254035,Q19T08,ECSCR,Neurology_II,Unique Protein
OID30832,215.18120743812227,Q9UKV0,HDAC9,Neurology_II,Unique Protein
OID30833,84.94584552374317,Q99250,SCN2A,Neurology_II,Unique Protein
OID30834,80.09359940725864,P52179,MYOM1,Neurology_II,Unique Protein
OID30835,53.06147111217866,P47874,OMP,Neurology_II,Unique Protein
OID30836,78.68722950335146,Q9BZ29,DOCK9,Neurology_II,Unique Protein
OID30837,67.79558318804567,Q9Y3E2,BOLA1,Neurology_II,Unique Protein
OID30838,57.46878244380619,A6NGG8,PCARE,Neurology_II,Unique Protein
OID30839,84.99043545193383,P07954,FH,Neurology_II,Unique Protein
OID30840,65.52778381182544,Q13936,CACNA1C,Neurology_II,Unique Protein
OID30841,94.54124971929926,Q14627,IL13RA2,Neurology_II,Unique Protein
OID30842,219.25111161926725,Q9UL42,PNMA2,Neurology_II,Unique Protein
OID30843,44.74270892434486,O95196,CSPG5,Neurology_II,Unique Protein
OID30844,59.05483573786255,O15382,BCAT2,Neurology_II,Unique Protein
OID30845,273.12895158127844,Q5T871,LELP1,Neurology_II,Unique Protein
OID30846,80.5827546855334,Q687X5,STEAP4,Neurology_II,Unique Protein
OID30847,109.64345639245356,Q0VDD7,BRME1,Neurology_II,Unique Protein
OID30848,106.90990331168575,P05549,TFAP2A,Neurology_II,Unique Protein
OID30849,55.56827460567111,Q8WTQ1,DEFB104A_DEFB104B,Neurology_II,Unique Protein
OID30850,65.08896455490185,Q99700,ATXN2,Neurology_II,Unique Protein
OID30851,112.55218424966237,P23435,CBLN1,Neurology_II,Unique Protein
OID30852,69.96708827788576,Q86T26,TMPRSS11B,Neurology_II,Unique Protein
OID30853,57.06410806143031,P52788,SMS,Neurology_II,Unique Protein
OID30854,54.97199071333705,P26378,ELAVL4,Neurology_II,Unique Protein
OID30855,56.124960646411495,P26715,KLRC1,Neurology_II,Unique Protein
OID30856,108.1851024773672,Q6QNY1,BLOC1S2,Neurology_II,Unique Protein
OID30857,79.78212969670058,Q9Y6U3,SCIN,Neurology_II,Unique Protein
OID30858,113.2883431029346,Q96PH6,DEFB118,Neurology_II,Unique Protein
OID30859,59.8956909795163,Q14129,DGCR6,Neurology_II,Unique Protein
OID30860,64.22516858549454,Q8IWB1,ITPRIP,Neurology_II,Unique Protein
OID30861,37.83754379296524,Q99856,ARID3A,Neurology_II,Unique Protein
OID30862,52.3699422533027,Q8IVU1,IGDCC3,Neurology_II,Unique Protein
OID30863,58.207576437403766,Q9UJC5,SH3BGRL2,Neurology_II,Unique Protein
OID30864,81.53830713291526,Q6P5Q4,LMOD2,Neurology_II,Unique Protein
OID30865,104.96173186545734,P05787,KRT8,Neurology_II,Unique Protein
OID30866,35.042440001126046,P28222,HTR1B,Neurology_II,Unique Protein
OID30867,387.22079337021995,Q9Y3B9,RRP15,Neurology_II,Unique Protein
OID30868,83.99495534283152,Q9H492,MAP1LC3A,Neurology_II,Unique Protein
OID30869,121.54647536904235,Q99653,CHP1,Neurology_II,Unique Protein
OID30870,35.51752475388537,Q6QEF8,CORO6,Neurology_II,Unique Protein
OID30871,57.99225283743207,Q12774,ARHGEF5,Neurology_II,Unique Protein
OID30872,78.27257133559321,O43396,TXNL1,Neurology_II,Unique Protein
OID30873,279.2792667544382,O14503,BHLHE40,Neurology_II,Unique Protein
OID30874,553.2491978974983,P10523,SAG,Neurology_II,Unique Protein
OID30875,106.58219388686199,P55283,CDH4,Neurology_II,Unique Protein
OID30876,47.03433759083065,O15020,SPTBN2,Neurology_II,Unique Protein
OID30877,170.27498288421617,Q8WXG9,ADGRV1,Neurology_II,Unique Protein
OID30878,51.73028326867508,Q8NFZ4,NLGN2,Neurology_II,Unique Protein
OID30879,891.4157715420506,O15350,TP73,Neurology_II,Unique Protein
OID30880,54.63963104721734,O15083,ERC2,Neurology_II,Unique Protein
OID30881,73.66913971752868,Q86WK6,AMIGO1,Neurology_II,Unique Protein
OID30882,75.9581197324847,Q86UW9,DTX2,Neurology_II,Unique Protein
OID30883,70.1961259546902,Q8N8R5,C2orf69,Neurology_II,Unique Protein
OID30884,91.930309476047,P0C7M8,CLEC2L,Neurology_II,Unique Protein
OID30885,116.90026684349233,Q6P9F5,TRIM40,Neurology_II,Unique Protein
OID30886,100.85541894144161,Q9HCM4,EPB41L5,Neurology_II,Unique Protein
OID30887,65.25012244784885,Q9Y285,FARSA,Neurology_II,Unique Protein
OID30888,104.62540284945909,Q2M3V2,SOWAHA,Neurology_II,Unique Protein
OID30889,79.78492144114821,Q8IY33,MICALL2,Neurology_II,Unique Protein
OID30890,40.31534845717505,Q9NZA1,CLIC5,Neurology_II,Unique Protein
OID30891,78.0132201819609,Q9BV20,MRI1,Neurology_II,Unique Protein
OID30892,58.97072599380676,Q9UHL0,DDX25,Neurology_II,Unique Protein
OID30893,86.558209640075,Q93015,NAA80,Neurology_II,Unique Protein
OID30894,43.504045649630726,Q9P2M7,CGN,Neurology_II,Unique Protein
OID30895,55.10324679142907,Q9ULH4,LRFN2,Neurology_II,Unique Protein
OID30896,54.348627585733745,Q16520,BATF,Neurology_II,Unique Protein
OID30897,161.95497724369946,Q53GD3,SLC44A4,Neurology_II,Unique Protein
OID30898,41.84722833472834,Q6ZUT3,FRMD7,Neurology_II,Unique Protein
OID30899,40.91285580988205,Q12809,KCNH2,Neurology_II,Unique Protein
OID30900,54.22225909570053,Q8N2Q7,NLGN1,Neurology_II,Unique Protein
OID30901,44.32663560008715,Q9Y4C0,NRXN3,Neurology_II,Unique Protein
OID30902,38.669032765055555,O75718,CRTAP,Neurology_II,Unique Protein
OID30903,156.96961802849515,Q9NY46,SCN3A,Neurology_II,Unique Protein
OID30904,61.66523517735586,Q96G03,PGM2,Neurology_II,Unique Protein
OID30905,524.3600451123706,P48436,SOX9,Neurology_II,Unique Protein
OID30906,127.44965540771784,Q9HBL6,LRTM1,Neurology_II,Unique Protein
OID30907,56.211085220272636,Q9P2M1,LRP2BP,Neurology_II,Unique Protein
OID30908,106.74969175371692,Q10571,MN1,Neurology_II,Unique Protein
OID30909,60.20681997835605,P61366,OSTN,Neurology_II,Unique Protein
OID30910,50.311776722149546,P48775,TDO2,Neurology_II,Unique Protein
OID30911,67.85527733856944,Q9C0A0,CNTNAP4,Neurology_II,Unique Protein
OID30912,94.19508466400335,Q9NUG6,PDRG1,Neurology_II,Unique Protein
OID30913,53.78484143393655,P09455,RBP1,Neurology_II,Unique Protein
OID30914,45.33552455220375,Q86UP6,CUZD1,Neurology_II,Unique Protein
OID30915,83.338276095049,Q9ULU8,CADPS,Neurology_II,Unique Protein
OID30916,67.8067037840852,Q9NPB3,CABP2,Neurology_II,Unique Protein
OID30917,52.23929330539085,Q96A32,MYLPF,Neurology_II,Unique Protein
OID30918,35.87643699700166,Q16401,PSMD5,Neurology_II,Unique Protein
OID30919,72.86876053673177,P20823,HNF1A,Neurology_II,Unique Protein
OID30920,59.992332870911646,P63211,GNGT1,Neurology_II,Unique Protein
OID30921,77.59841465146306,O15234,CASC3,Neurology_II,Unique Protein
OID30922,54.10134771540515,Q6UWJ8,CD164L2,Neurology_II,Unique Protein
OID30923,57.03401583733611,Q16650,TBR1,Neurology_II,Unique Protein
OID30924,65.03982804034906,Q5VT99,LRRC38,Neurology_II,Unique Protein
OID30925,43.78103472225691,P63172,DYNLT1,Neurology_II,Unique Protein
OID30926,925.8382600284824,P43007,SLC1A4,Neurology_II,Unique Protein
OID30927,68.85380811186491,Q14184,DOC2B,Neurology_II,Unique Protein
OID30928,52.36066296390237,P0DKB5,TPBGL,Neurology_II,Unique Protein
OID30929,100.58307622128169,P54105,CLNS1A,Neurology_II,Unique Protein
OID30930,67.89709846979541,P11229,CHRM1,Neurology_II,Unique Protein
OID30931,104.90522206346131,Q9ULW2,FZD10,Neurology_II,Unique Protein
OID30932,93.22902466384048,Q0P6D2,DIPK1C,Neurology_II,Unique Protein
OID30933,62.393714846042926,O75121,MFAP3L,Neurology_II,Unique Protein
OID30934,70.48244609974017,P61266,STX1B,Neurology_II,Unique Protein
OID30935,44.38437783682206,Q68J44,DUSP29,Neurology_II,Unique Protein
OID30936,68.35443088150221,P14649,MYL6B,Neurology_II,Unique Protein
OID30937,61.70680471275366,B6A8C7,TARM1,Neurology_II,Unique Protein
OID30938,227.6745480715856,O15212,PFDN6,Neurology_II,Unique Protein
OID30939,65.22293740365774,Q96KJ4,MSLNL,Neurology_II,Unique Protein
OID30940,62.53359234785363,Q8N6Q1,TMCO5A,Neurology_II,Unique Protein
OID30941,204.92574067642812,Q9UGI9,PRKAG3,Neurology_II,Unique Protein
OID30942,115.55824623727457,Q9UNY4,TTF2,Neurology_II,Unique Protein
OID30943,917.9387081442767,P54277,PMS1,Neurology_II,Unique Protein
OID30944,62.120788680471904,Q86TM3,DDX53,Neurology_II,Unique Protein
OID30945,82.51787392595413,Q8TC05,MDM1,Neurology_II,Unique Protein
OID30946,85.19563016093478,Q9BX10,GTPBP2,Neurology_II,Unique Protein
OID30947,54.51960925303556,P50897,PPT1,Neurology_II,Unique Protein
OID30948,135.3778878952132,O60939,SCN2B,Neurology_II,Unique Protein
OID30949,70.38514524069339,P63010,AP2B1,Neurology_II,Unique Protein
OID30950,67.54114631744983,Q7Z3D4,LYSMD3,Neurology_II,Unique Protein
OID30951,38.87858339347568,P09683,SCT,Neurology_II,Unique Protein
OID30952,59.075469110972264,P49069,CAMLG,Neurology_II,Unique Protein
OID30953,33.38386740636111,P43146,DCC,Neurology_II,Unique Protein
OID30954,76.55011653850809,P52799,EFNB2,Neurology_II,Unique Protein
OID30955,96.41475892139914,O60218,AKR1B10,Neurology_II,Unique Protein
OID30956,91.06179755047016,Q96BJ3,AIDA,Neurology_II,Unique Protein
OID30957,40.00770541077146,O14967,CLGN,Neurology_II,Unique Protein
OID30958,42.71300808077909,P60763,RAC3,Neurology_II,Unique Protein
OID30959,88.45181677155266,Q92834,RPGR,Neurology_II,Unique Protein
OID30960,54.36979286326553,P98164,LRP2,Neurology_II,Unique Protein
OID30961,159.99440437538536,P10301,RRAS,Neurology_II,Unique Protein
OID30962,60.12468255350476,Q8IY31,IFT20,Neurology_II,Unique Protein
OID30963,113.75229354125298,P01270,PTH,Neurology_II,Unique Protein
OID30964,82.66218863012736,P10746,UROS,Neurology_II,Unique Protein
OID30965,79.65911737402831,Q7L0J3,SV2A,Neurology_II,Unique Protein
OID30966,254.43136597544074,P04062,GBA,Neurology_II,Unique Protein
OID30967,49.410447604085974,P20916,MAG,Neurology_II,Unique Protein
OID30968,58.68634626677084,Q53EL9,SEZ6,Neurology_II,Unique Protein
OID30969,47.385599654165325,Q2UY09,COL28A1,Neurology_II,Unique Protein
OID30970,49.7682245226801,O14578,CIT,Neurology_II,Unique Protein
OID30971,60.72639299564852,Q9BY14,TEX101,Neurology_II,Unique Protein
OID30972,80.12542535334501,P24386,CHM,Neurology_II,Unique Protein
OID30973,64.86248954890671,Q8IWP9,CCDC28A,Neurology_II,Unique Protein
OID30974,123.69115386372759,P35556,FBN2,Neurology_II,Unique Protein
OID30975,84.54303083015299,Q15735,INPP5J,Neurology_II,Unique Protein
OID30976,40.22050828411355,Q15398,DLGAP5,Neurology_II,Unique Protein
OID30977,40.34752846239291,Q13002,GRIK2,Neurology_II,Unique Protein
OID30978,51.06356840325789,Q9BX66,SORBS1,Neurology_II,Unique Protein
OID30979,41.29457192257164,Q07617,SPAG1,Neurology_II,Unique Protein
OID30980,47.44762527663121,Q8WWM7,ATXN2L,Neurology_II,Unique Protein
OID30981,115.54783104711288,P48431,SOX2,Neurology_II,Unique Protein
OID30982,47.4389453276056,Q9BZJ3,TPSD1,Neurology_II,Unique Protein
OID30983,61.301751742255064,Q9NPD7,NRN1,Neurology_II,Unique Protein
OID30984,41.72085291530261,A6NFN3,RBFOX3,Neurology_II,Unique Protein
OID30985,84.82691353504936,Q96JB5,CDK5RAP3,Neurology_II,Unique Protein
OID30986,43.62247521894179,O60662,KLHL41,Neurology_II,Unique Protein
OID30987,47.78815666398994,Q9HCY8,S100A14,Neurology_II,Unique Protein
OID30988,51.43148686648341,P08651,NFIC,Neurology_II,Unique Protein
OID30989,58.50056640743191,Q9UM54,MYO6,Neurology_II,Unique Protein
OID30990,40.8274882620683,Q96QH8,SPACA5_SPACA5B,Neurology_II,Unique Protein
OID30991,48.24218908756514,Q8WVC0,LEO1,Neurology_II,Unique Protein
OID30992,48.743437197703734,P12319,FCER1A,Neurology_II,Unique Protein
OID30993,38.13498163042822,O60469,DSCAM,Neurology_II,Unique Protein
OID30994,78.03016895389207,O15013,ARHGEF10,Neurology_II,Unique Protein
OID30995,47.74869542593682,P04808,RLN1,Neurology_II,Unique Protein
OID30996,61.7449368227738,O75592,MYCBP2,Neurology_II,Unique Protein
OID30997,44.74186619789463,Q9NXH3,PPP1R14D,Neurology_II,Unique Protein
OID30998,89.34309675358668,Q15102,PAFAH1B3,Neurology_II,Unique Protein
OID30999,62.947524365165776,O43665,RGS10,Neurology_II,Unique Protein
OID31000,46.29017448426445,Q9UQ16,DNM3,Neurology_II,Unique Protein
OID31001,33.90090355914418,Q8IVM0,CCDC50,Neurology_II,Unique Protein
OID31002,37.37457805775211,B2RUY7,VWC2L,Neurology_II,Unique Protein
OID31003,63.316617689490165,Q15366,PCBP2,Neurology_II,Unique Protein
OID31004,40.698405935671076,P22102,GART,Neurology_II,Unique Protein
OID31005,46.986547238081684,A8MVW0,FAM171A2,Neurology_II,Unique Protein
OID31006,47.63058448292579,Q6ZVN8,HJV,Neurology_II,Unique Protein
OID31007,46.3851834476498,Q07021,C1QBP,Neurology_II,Unique Protein
OID31008,34.50184819023463,O95467,GNAS,Neurology_II,Unique Protein
OID31009,90.45030019471376,O75167,PHACTR2,Neurology_II,Unique Protein
OID31010,72.4869827196055,O60869,EDF1,Neurology_II,Unique Protein
OID31011,62.83090966609585,Q96A00,PPP1R14A,Neurology_II,Unique Protein
OID31012,43.51075538502403,Q14151,SAFB2,Neurology_II,Unique Protein
OID31013,37.86039965398408,Q5T848,GPR158,Neurology_II,Unique Protein
OID31014,31.694205605615107,P29536,LMOD1,Neurology_II,Duplicated Protein and not lowest CV
OID31015,40.68205893335211,Q86YD3,TMEM25,Neurology_II,Unique Protein
OID31016,60.21757866377927,Q15714,TSC22D1,Neurology_II,Unique Protein
OID31017,74.00276548946577,Q9H6Q3,SLA2,Neurology_II,Unique Protein
OID31018,58.45901181442852,O95202,LETM1,Neurology_II,Unique Protein
OID31019,64.26587214718302,O95295,SNAPIN,Neurology_II,Unique Protein
OID31020,36.44598499101448,Q8N967,LRTM2,Neurology_II,Unique Protein
OID31021,72.70328079098596,P30419,NMT1,Neurology_II,Unique Protein
OID31022,127.0384242299438,O43432,EIF4G3,Neurology_II,Unique Protein
OID31023,39.45327656692961,Q13084,MRPL28,Neurology_II,Unique Protein
OID31024,61.035735529060574,P53367,ARFIP1,Neurology_II,Unique Protein
OID31025,44.822807033290985,Q9UH03,SEPTIN3,Neurology_II,Unique Protein
OID31026,56.50618592117465,Q08378,GOLGA3,Neurology_II,Unique Protein
OID31027,84.7548925978922,O75792,RNASEH2A,Neurology_II,Unique Protein
OID31028,70.28583982451825,Q9H6H4,REEP4,Neurology_II,Unique Protein
OID31029,64.671688996667,Q9H777,ELAC1,Neurology_II,Unique Protein
OID31030,72.49008351225322,Q8WWV3,RTN4IP1,Neurology_II,Unique Protein
OID31031,48.40015585924225,P51687,SUOX,Neurology_II,Unique Protein
OID31032,45.946758633394715,Q6UWW0,LCN15,Neurology_II,Unique Protein
OID31033,98.71970317247974,Q96PE7,MCEE,Neurology_II,Unique Protein
OID31034,79.13570374756323,Q96I25,RBM17,Neurology_II,Unique Protein
OID31035,43.29924062301209,O43776,NARS1,Neurology_II,Unique Protein
OID31036,65.05491431773669,Q14197,MRPL58,Neurology_II,Unique Protein
OID31037,51.944293318769354,Q9BUJ2,HNRNPUL1,Neurology_II,Unique Protein
OID31038,33.44629242325841,Q01826,SATB1,Neurology_II,Unique Protein
OID31039,75.04588099290388,P54284,CACNB3,Neurology_II,Unique Protein
OID31040,78.02712678228308,Q5JSP0,FGD3,Neurology_II,Unique Protein
OID31041,51.421462000801824,Q9NWU2,GID8,Neurology_II,Unique Protein
OID31042,54.589568003002384,Q8IWQ3,BRSK2,Neurology_II,Unique Protein
OID31043,55.90667652783243,O94830,DDHD2,Neurology_II,Unique Protein
OID31044,36.75952467277848,Q9BUP0,EFHD1,Neurology_II,Unique Protein
OID31045,36.81753685499623,Q9NPG4,PCDH12,Neurology_II,Unique Protein
OID31046,49.588608136648666,Q14160,SCRIB,Neurology_II,Duplicated Protein and not lowest CV
OID31047,60.80366892252639,P51649,ALDH5A1,Neurology_II,Unique Protein
OID31048,28.620367862533147,P04439,HLA-A,Neurology_II,Unique Protein
OID31049,46.5194145197246,Q9BXI9,C1QTNF6,Neurology_II,Unique Protein
OID31050,39.947405041181874,P14902,IDO1,Neurology_II,Duplicated Protein and not lowest CV
OID31051,45.91250127623721,P29377,S100G,Neurology_II,Unique Protein
OID31052,90.40599340006081,P31751,AKT2,Neurology_II,Unique Protein
OID31053,53.17674582895876,P68400,CSNK2A1,Neurology_II,Unique Protein
OID31054,70.94792710859649,P61764,STXBP1,Neurology_II,Unique Protein
OID31055,68.05409474049803,Q9BZE9,ASPSCR1,Neurology_II,Unique Protein
OID31056,76.06841494486831,Q9H6S1,AZI2,Neurology_II,Unique Protein
OID31057,134.49812459756487,Q6ZVM7,TOM1L2,Neurology_II,Unique Protein
OID31058,95.5556676720699,Q99460,PSMD1,Neurology_II,Unique Protein
OID31059,70.42240057341893,P78318,IGBP1,Neurology_II,Unique Protein
OID31060,59.337461801258954,Q9H4X1,RGCC,Neurology_II,Unique Protein
OID31061,76.99092130002157,Q8WXW3-4,PIBF1,Neurology_II,Unique Protein
OID31062,68.61027777344734,Q6Y7W6,GIGYF2,Neurology_II,Unique Protein
OID31063,64.88946216365676,Q96HC4,PDLIM5,Neurology_II,Unique Protein
OID31064,52.63839235336153,Q6GQQ9,OTUD7B,Neurology_II,Unique Protein
OID31065,73.30486472339295,Q9NWM8,FKBP14,Neurology_II,Unique Protein
OID31066,35.61481728176267,Q92859,NEO1,Neurology_II,Unique Protein
OID31067,38.48523825926164,O15240,VGF,Neurology_II,Unique Protein
OID31068,73.62892266452022,Q5SW96,LDLRAP1,Neurology_II,Unique Protein
OID31069,39.08214794738274,Q16625,OCLN,Neurology_II,Unique Protein
OID31070,87.613321624639255,Q5T5Y3,CAMSAP1,Neurology_II,Unique Protein
OID31071,74.56152646860001,P78352,DLG4,Neurology_II,Unique Protein
OID31072,44.233712505583455,Q6PKH6,DHRS4L2,Neurology_II,Unique Protein
OID31073,41.01748319799665,Q14149,MORC3,Neurology_II,Unique Protein
OID31074,32.01865332182729,Q9H251,CDH23,Neurology_II,Unique Protein
OID31075,58.89226485836433,Q86VP1,TAX1BP1,Neurology_II,Unique Protein
OID31076,38.41367217136324,Q8IWY9,CDAN1,Neurology_II,Unique Protein
OID31077,30.465432842770092,Q8N163,CCAR2,Neurology_II,Unique Protein
OID31078,46.45525192379278,P13995,MTHFD2,Neurology_II,Unique Protein
OID31079,35.67256738590237,Q92599,SEPTIN8,Neurology_II,Unique Protein
OID31080,48.05851439713961,O77932,DXO,Neurology_II,Unique Protein
OID31081,31.15880404099351,P43320,CRYBB2,Neurology_II,Unique Protein
OID31082,34.75794088973936,P26718,KLRK1,Neurology_II,Unique Protein
OID31083,40.8592026438529,P01350,GAST,Neurology_II,Unique Protein
OID31084,36.888121867432666,Q96RU2,USP28,Neurology_II,Unique Protein
OID31085,31.63530389780924,Q9H1P3,OSBPL2,Neurology_II,Unique Protein
OID31086,37.495888251231015,O15269,SPTLC1,Neurology_II,Unique Protein
OID31087,73.71865355565369,O60890,OPHN1,Neurology_II,Unique Protein
OID31088,71.33909718309154,Q53GL0,PLEKHO1,Neurology_II,Unique Protein
OID31089,30.152767596519954,P21579,SYT1,Neurology_II,Unique Protein
OID31090,27.898524348754734,Q13277,STX3,Neurology_II,Unique Protein
OID31091,34.18270994886935,Q6UXV0,GFRAL,Neurology_II,Unique Protein
OID31092,33.917830003443875,Q9BQT9,CLSTN3,Neurology_II,Unique Protein
OID31093,30.99195428700723,Q2L4Q9,PRSS53,Neurology_II,Unique Protein
OID31094,34.5625838282636,Q5VV43,KIAA0319,Neurology_II,Unique Protein
OID31095,21.133555997358176,Q9BRJ6,C7orf50,Neurology_II,Unique Protein
OID31096,30.992375213438994,Q8IXS6,PALM2,Neurology_II,Unique Protein
OID31097,78.28586255333342,P0CG30,GSTT2B,Neurology_II,Unique Protein
OID31098,29.47076183234166,Q9BPX1,HSD17B14,Neurology_II,Unique Protein
OID31099,27.286103806606306,Q15256,PTPRR,Neurology_II,Unique Protein
OID31100,35.16895671168999,P10092,CALCB,Neurology_II,Unique Protein
OID31101,41.00834002262276,Q6UX71,PLXDC2,Neurology_II,Unique Protein
OID31102,38.82916624733965,Q9BXI3,NT5C1A,Neurology_II,Unique Protein
OID31103,33.40824596395172,O60235,TMPRSS11D,Neurology_II,Unique Protein
OID31104,52.790883730269044,Q5F1R6,DNAJC21,Neurology_II,Unique Protein
OID31105,33.28597143446966,P62760,VSNL1,Neurology_II,Unique Protein
OID31106,52.17030603502788,Q6QNY0,BLOC1S3,Neurology_II,Unique Protein
OID31107,60.40532150809018,Q03014,HHEX,Neurology_II,Unique Protein
OID31108,30.561346324595412,Q8TAT2,FGFBP3,Neurology_II,Unique Protein
OID31109,33.161304682086836,Q03252,LMNB2,Neurology_II,Unique Protein
OID31110,34.503255928138735,Q6P1J6,PLB1,Neurology_II,Unique Protein
OID31111,84.16076866017968,Q99704,DOK1,Neurology_II,Unique Protein
OID31112,44.49968686831542,Q9P2X3,IMPACT,Neurology_II,Unique Protein
OID31113,23.416652938059077,P46937,YAP1,Neurology_II,Unique Protein
OID31114,46.18947433814889,Q6XQN6,NAPRT,Neurology_II,Unique Protein
OID31115,28.547523913140978,Q9NPE2,NGRN,Neurology_II,Unique Protein
OID31116,49.49742008648019,Q8WYQ3,CHCHD10,Neurology_II,Unique Protein
OID31117,59.176091423311725,P59780,AP3S2,Neurology_II,Unique Protein
OID31118,37.08369036432669,Q9ULA0,DNPEP,Neurology_II,Unique Protein
OID31119,59.61160943910042,P13861,PRKAR2A,Neurology_II,Unique Protein
OID31120,74.33913723055433,Q15025,TNIP1,Neurology_II,Unique Protein
OID31121,58.300658975643216,O14530,TXNDC9,Neurology_II,Unique Protein
OID31122,42.45203508460785,P54315,PNLIPRP1,Neurology_II,Unique Protein
OID31123,59.50664123584944,Q9Y3C0,WASHC3,Neurology_II,Unique Protein
OID31124,21.83205182191071,Q9UKY0,PRND,Neurology_II,Unique Protein
OID31125,68.60266405741714,P47813,EIF1AX,Neurology_II,Unique Protein
OID31126,29.430791096178975,Q13938,CAPS,Neurology_II,Unique Protein
OID31127,41.700978040859376,Q4ZHG4,FNDC1,Neurology_II,Unique Protein
OID31128,29.072874486877954,P32455,GBP1,Neurology_II,Unique Protein
OID31129,302.32212922813085,P51460,INSL3,Neurology_II,Unique Protein
OID31130,42.605014817124534,Q8WW22,DNAJA4,Neurology_II,Unique Protein
OID31131,47.963475052873115,Q9UBC9,SPRR3,Neurology_II,Unique Protein
OID31132,37.8962937331504,P08579,SNRPB2,Neurology_II,Unique Protein
OID31133,54.165652586176705,Q92888,ARHGEF1,Neurology_II,Unique Protein
OID31134,82.20363832294765,A0FGR8,ESYT2,Neurology_II,Unique Protein
OID31135,61.45542080569043,P55210,CASP7,Neurology_II,Unique Protein
OID31136,43.04889021206403,Q7Z4V5,HDGFL2,Neurology_II,Unique Protein
OID31137,27.26774157614731,O95954,FTCD,Neurology_II,Unique Protein
OID31138,14.45315861312817,P11137,MAP2,Neurology_II,Unique Protein
OID31139,33.140799799919975,Q01432,AMPD3,Neurology_II,Unique Protein
OID31140,38.036772706781626,Q9Y6X8,ZHX2,Neurology_II,Unique Protein
OID31141,38.27387610719155,O75146,HIP1R,Neurology_II,Unique Protein
OID31142,79.15464179093249,P54819,AK2,Neurology_II,Unique Protein
OID31143,54.05146729199911,O60220,TIMM8A,Neurology_II,Unique Protein
OID31144,54.14107286191019,P07320,CRYGD,Neurology_II,Unique Protein
OID31145,51.33480717053549,Q9NR46,SH3GLB2,Neurology_II,Unique Protein
OID31146,53.774950747535065,Q9NRY6,PLSCR3,Neurology_II,Unique Protein
OID31147,73.23917429794095,Q96CN9,GCC1,Neurology_II,Unique Protein
OID31148,34.853782894169946,Q9NXV2,KCTD5,Neurology_II,Unique Protein
OID31149,51.17307317614488,P54252,ATXN3,Neurology_II,Unique Protein
OID31150,35.37741040960511,Q8IXM2,BAP18,Neurology_II,Unique Protein
OID31151,30.7124928875366,A8MVW5,HEPACAM2,Neurology_II,Unique Protein
OID31152,89.3961184484867,Q07817,BCL2L1,Neurology_II,Unique Protein
OID31153,34.80891767740631,Q8TF65,GIPC2,Neurology_II,Unique Protein
OID31154,116.70103751621537,P53814,SMTN,Neurology_II,Unique Protein
OID31155,84.83971687151201,Q00722,PLCB2,Neurology_II,Unique Protein
OID31156,86.75262918191132,Q8N4C8,MINK1,Neurology_II,Unique Protein
OID31157,34.957339092482854,P40313,CTRL,Neurology_II,Unique Protein
OID30049,55.622958769087674,Q8IZC4,RTKN2,Cardiometabolic_II,Unique Protein
OID30050,53.91047630901104,P78524,DENND2B,Cardiometabolic_II,Unique Protein
OID30051,67.39792359580127,Q9H2M3,BHMT2,Cardiometabolic_II,Unique Protein
OID30052,75.21123720807086,P55769,SNU13,Cardiometabolic_II,Unique Protein
OID30053,48.73391353449278,Q9Y2W1,THRAP3,Cardiometabolic_II,Unique Protein
OID30054,52.97311773284344,O43734,TRAF3IP2,Cardiometabolic_II,Unique Protein
OID30055,48.6097106723274,O00567,NOP56,Cardiometabolic_II,Unique Protein
OID30056,84.69000596539041,Q15477,SKIV2L,Cardiometabolic_II,Unique Protein
OID30057,31.702317866015,P25391,LAMA1,Cardiometabolic_II,Unique Protein
OID30058,40.94010820693562,P06753,TPM3,Cardiometabolic_II,Unique Protein
OID30059,49.77769076672823,P48507,GCLM,Cardiometabolic_II,Unique Protein
OID30060,116.01007967883501,Q9NZJ5,EIF2AK3,Cardiometabolic_II,Unique Protein
OID30061,53.950492792390236,Q9Y623,MYH4,Cardiometabolic_II,Unique Protein
OID30062,48.76476191160622,P23634,ATP2B4,Cardiometabolic_II,Unique Protein
OID30063,50.6683412867588,O14958,CASQ2,Cardiometabolic_II,Unique Protein
OID30064,52.593863251756964,O95180,CACNA1H,Cardiometabolic_II,Unique Protein
OID30065,47.87079937506974,P54709,ATP1B3,Cardiometabolic_II,Unique Protein
OID30066,52.132434589693666,Q13503,MED21,Cardiometabolic_II,Unique Protein
OID30067,65.67357747685708,P08913,ADRA2A,Cardiometabolic_II,Unique Protein
OID30068,45.578555448514,P49755,TMED10,Cardiometabolic_II,Unique Protein
OID30069,39.687357363589925,Q96DA2,RAB39B,Cardiometabolic_II,Unique Protein
OID30070,41.820198352041956,P46783,RPS10,Cardiometabolic_II,Unique Protein
OID30071,31.803315495917055,O00291,HIP1,Cardiometabolic_II,Unique Protein
OID30072,43.47930369638943,P04141,CSF2,Cardiometabolic_II,Unique Protein
OID30074,39.72176087504311,A6NCE7,MAP1LC3B2,Cardiometabolic_II,Unique Protein
OID30075,40.6315628664098,Q9Y3B8,REXO2,Cardiometabolic_II,Unique Protein
OID30076,45.526107530346486,Q6UWF7,NXPE4,Cardiometabolic_II,Unique Protein
OID30077,59.29360647004604,P55011,SLC12A2,Cardiometabolic_II,Unique Protein
OID30078,76.99836999101052,P10109,FDX1,Cardiometabolic_II,Unique Protein
OID30079,73.78888567704395,P30049,ATP5F1D,Cardiometabolic_II,Unique Protein
OID30080,36.403882758453,P33121,ACSL1,Cardiometabolic_II,Unique Protein
OID30081,96.14000804587829,O60701,UGDH,Cardiometabolic_II,Unique Protein
OID30082,62.15832451330397,Q9BY32,ITPA,Cardiometabolic_II,Unique Protein
OID30083,37.00175898817435,Q01780,EXOSC10,Cardiometabolic_II,Unique Protein
OID30084,33.88632259612693,Q08499,PDE4D,Cardiometabolic_II,Unique Protein
OID30085,65.64515118123464,P21817,RYR1,Cardiometabolic_II,Unique Protein
OID30086,20.990725724468906,Q96HD9,ACY3,Cardiometabolic_II,Unique Protein
OID30087,34.025893621373385,P35228,NOS2,Cardiometabolic_II,Unique Protein
OID30088,53.51250530331746,E2RYF7,HCG22,Cardiometabolic_II,Unique Protein
OID30089,61.119941807702624,Q9NVZ3,NECAP2,Cardiometabolic_II,Unique Protein
OID30090,43.41000786311355,Q9Y4C8,RBM19,Cardiometabolic_II,Unique Protein
OID30091,41.23717096084171,Q07973,CYP24A1,Cardiometabolic_II,Unique Protein
OID30092,168.41749973848798,Q04695,KRT17,Cardiometabolic_II,Unique Protein
OID30093,104.99388539178247,Q15059,BRD3,Cardiometabolic_II,Unique Protein
OID30094,54.69913451999281,B6SEH8,ERVV-1,Cardiometabolic_II,Unique Protein
OID30095,41.663986912551216,O95858,TSPAN15,Cardiometabolic_II,Unique Protein
OID30096,74.94772194062003,Q9H347,UBQLN3,Cardiometabolic_II,Unique Protein
OID30097,50.51497280976302,P06729,CD2,Cardiometabolic_II,Unique Protein
OID30098,52.98574145753692,Q96IW2,SHD,Cardiometabolic_II,Unique Protein
OID30099,22.77231279672789,A6BM72,MEGF11,Cardiometabolic_II,Unique Protein
OID30100,31.232211425460893,Q9UKX7,NUP50,Cardiometabolic_II,Unique Protein
OID30101,33.7522407052045,Q96LB8,PGLYRP4,Cardiometabolic_II,Unique Protein
OID30102,58.34009495914728,Q9NV35,NUDT15,Cardiometabolic_II,Unique Protein
OID30103,42.07160235288135,Q10587,TEF,Cardiometabolic_II,Unique Protein
OID30104,43.461845405316495,Q13296,SCGB2A2,Cardiometabolic_II,Unique Protein
OID30105,29.863145657560263,P20929,NEB,Cardiometabolic_II,Unique Protein
OID30106,48.52045442220219,Q5TA50,CPTP,Cardiometabolic_II,Unique Protein
OID30107,23.86204254559384,Q86UW2,SLC51B,Cardiometabolic_II,Unique Protein
OID30108,47.21532221912359,Q8WZ42,TTN,Cardiometabolic_II,Unique Protein
OID30109,36.441934013684865,Q9UFP1,GASK1A,Cardiometabolic_II,Unique Protein
OID30110,73.17909202742538,Q99707,MTR,Cardiometabolic_II,Unique Protein
OID30111,48.62612774217997,P21673,SAT1,Cardiometabolic_II,Unique Protein
OID30112,55.95062952714772,O00425,IGF2BP3,Cardiometabolic_II,Unique Protein
OID30113,36.0880512265929,O43290,SART1,Cardiometabolic_II,Unique Protein
OID30114,38.74515778177312,Q92935,EXTL1,Cardiometabolic_II,Unique Protein
OID30115,40.81459562787737,Q8N8E3,CEP112,Cardiometabolic_II,Unique Protein
OID30116,39.07380553307187,P16066,NPR1,Cardiometabolic_II,Unique Protein
OID30117,57.32277597450695,Q6NZY4,ZCCHC8,Cardiometabolic_II,Unique Protein
OID30118,58.108541481548535,P14415,ATP1B2,Cardiometabolic_II,Unique Protein
OID30119,66.7016522001421,Q96K76,USP47,Cardiometabolic_II,Unique Protein
OID30120,40.90391795844603,P05976,MYL1,Cardiometabolic_II,Unique Protein
OID30121,39.0598610719524,Q9Y2Y0,ARL2BP,Cardiometabolic_II,Unique Protein
OID30122,71.36002169562465,Q14088,RAB33A,Cardiometabolic_II,Unique Protein
OID30123,65.27343626276691,P38935,IGHMBP2,Cardiometabolic_II,Unique Protein
OID30124,57.86476102246139,P05026,ATP1B1,Cardiometabolic_II,Unique Protein
OID30125,88.81960291730752,O15305,PMM2,Cardiometabolic_II,Unique Protein
OID30126,37.979380327183165,Q9BW61,DDA1,Cardiometabolic_II,Unique Protein
OID30127,66.12685566369616,Q15370,ELOB,Cardiometabolic_II,Unique Protein
OID30128,79.44918022810566,Q8NET8,TRPV3,Cardiometabolic_II,Unique Protein
OID30129,48.24878485016505,P05000,IFNW1,Cardiometabolic_II,Unique Protein
OID30130,70.26542482480515,Q15018,ABRAXAS2,Cardiometabolic_II,Unique Protein
OID30131,61.11951550927812,P54296,MYOM2,Cardiometabolic_II,Unique Protein
OID30132,70.8454931349904,Q16836,HADH,Cardiometabolic_II,Unique Protein
OID30133,36.660316612007215,Q14353,GAMT,Cardiometabolic_II,Unique Protein
OID30134,36.61172894745152,P23511,NFYA,Cardiometabolic_II,Unique Protein
OID30135,51.20189315254392,Q07075,ENPEP,Cardiometabolic_II,Unique Protein
OID30136,28.08224103325151,Q9BV94,EDEM2,Cardiometabolic_II,Unique Protein
OID30137,80.84301682494099,Q02127,DHODH,Cardiometabolic_II,Unique Protein
OID30138,33.48329391582931,P57078,RIPK4,Cardiometabolic_II,Unique Protein
OID30139,164.44916973219674,Q6ZN66,GBP6,Cardiometabolic_II,Unique Protein
OID30140,38.831279007343305,Q9BZL6,PRKD2,Cardiometabolic_II,Unique Protein
OID30141,52.86571916179141,A6NHS7,MANSC4,Cardiometabolic_II,Unique Protein
OID30142,44.38564438423842,O75521,ECI2,Cardiometabolic_II,Unique Protein
OID30143,50.6320604649789,P12270,TPR,Cardiometabolic_II,Unique Protein
OID30144,46.557498574901736,Q9NYX4,CALY,Cardiometabolic_II,Unique Protein
OID30145,117.93458263895371,P37058,HSD17B3,Cardiometabolic_II,Unique Protein
OID30146,51.31671931228027,Q9BZC7,ABCA2,Cardiometabolic_II,Unique Protein
OID30147,67.7594386703833,Q6P4F2,FDX2,Cardiometabolic_II,Unique Protein
OID30148,53.88937921689612,Q16774,GUK1,Cardiometabolic_II,Unique Protein
OID30149,35.122576253837245,Q9UNN8,PROCR,Cardiometabolic_II,Unique Protein
OID30150,55.44258158616269,P10082,PYY,Cardiometabolic_II,Unique Protein
OID30151,57.68069409483495,O15018,PDZD2,Cardiometabolic_II,Unique Protein
OID30152,31.165750561899298,Q16206,ENOX2,Cardiometabolic_II,Unique Protein
OID30153,45.493618588514316,P0C7L1,SPINK8,Cardiometabolic_II,Unique Protein
OID30154,68.07089182645237,Q7Z7H5,TMED4,Cardiometabolic_II,Unique Protein
OID30155,114.7111178813064,Q9Y2L6,FRMD4B,Cardiometabolic_II,Unique Protein
OID30156,53.21618173668779,P55010,EIF5,Cardiometabolic_II,Unique Protein
OID30157,44.25827493305447,Q01581,HMGCS1,Cardiometabolic_II,Unique Protein
OID30158,69.02836484634388,Q12986,NFX1,Cardiometabolic_II,Unique Protein
OID30159,56.56755007415866,P22033,MMUT,Cardiometabolic_II,Unique Protein
OID30160,45.98601611984667,P19838,NFKB1,Cardiometabolic_II,Unique Protein
OID30161,34.76652054536934,Q01484,ANK2,Cardiometabolic_II,Unique Protein
OID30162,40.81600539443559,P59901,LILRA4,Cardiometabolic_II,Unique Protein
OID30163,36.019353253380395,O43896,KIF1C,Cardiometabolic_II,Unique Protein
OID30164,52.3270388256968,Q03013,GSTM4,Cardiometabolic_II,Unique Protein
OID30165,49.81692444061791,O94766,B3GAT3,Cardiometabolic_II,Unique Protein
OID30166,40.090948189299965,Q3SXY8,ARL13B,Cardiometabolic_II,Unique Protein
OID30167,103.35088164392832,O95670,ATP6V1G2,Cardiometabolic_II,Unique Protein
OID30168,30.56131451577455,O00327,ARNTL,Cardiometabolic_II,Unique Protein
OID30169,52.88482874821337,P48668,KRT6C,Cardiometabolic_II,Unique Protein
OID30170,41.191014167313575,P00966,ASS1,Cardiometabolic_II,Unique Protein
OID30171,60.854470959557304,Q96PU4,UHRF2,Cardiometabolic_II,Unique Protein
OID30172,31.994137529231864,P20382,PMCH,Cardiometabolic_II,Unique Protein
OID30173,78.01308532070598,P35606,COPB2,Cardiometabolic_II,Unique Protein
OID30174,63.796260511135195,P13224,GP1BB,Cardiometabolic_II,Unique Protein
OID30175,71.7006066745383,Q14807,KIF22,Cardiometabolic_II,Unique Protein
OID30176,51.979400295509,P50461,CSRP3,Cardiometabolic_II,Unique Protein
OID30177,29.67413268073474,Q14781,CBX2,Cardiometabolic_II,Unique Protein
OID30178,45.167067244734255,Q96A35,MRPL24,Cardiometabolic_II,Unique Protein
OID30179,63.710299158430374,Q58F21,BRDT,Cardiometabolic_II,Unique Protein
OID30180,54.27653349468559,Q96EU7,C1GALT1C1,Cardiometabolic_II,Unique Protein
OID30181,62.824278907764985,Q5VVQ6,YOD1,Cardiometabolic_II,Unique Protein
OID30182,93.58008734293708,A6NDB9,PALM3,Cardiometabolic_II,Unique Protein
OID30183,53.912180728226524,O75534,CSDE1,Cardiometabolic_II,Unique Protein
OID30184,70.47360023408879,Q13563,PKD2,Cardiometabolic_II,Unique Protein
OID30185,44.70435018387807,Q99598,TSNAX,Cardiometabolic_II,Unique Protein
OID30186,58.09432315905243,Q86VP3,PACS2,Cardiometabolic_II,Unique Protein
OID30187,81.46573921770155,Q5W0V3,FHIP2A,Cardiometabolic_II,Unique Protein
OID30188,86.95477642014063,P41227,NAA10,Cardiometabolic_II,Unique Protein
OID30189,43.90029856941141,Q86VR7,VSIG10L,Cardiometabolic_II,Unique Protein
OID30190,59.199931911919116,Q93052,LPP,Cardiometabolic_II,Unique Protein
OID30191,57.99963904148421,O75427,LRCH4,Cardiometabolic_II,Unique Protein
OID30192,42.26928254369166,P35609,ACTN2,Cardiometabolic_II,Unique Protein
OID30193,25.611138517187214,P32241,VIPR1,Cardiometabolic_II,Unique Protein
OID30194,69.47397881783867,Q8ND90,PNMA1,Cardiometabolic_II,Unique Protein
OID30195,43.99047135609325,Q5JTV8,TOR1AIP1,Cardiometabolic_II,Unique Protein
OID30196,17.382660795142932,Q9UBV2,SEL1L,Cardiometabolic_II,Unique Protein
OID30197,19.610307447765525,P46926,GNPDA1,Cardiometabolic_II,Unique Protein
OID30198,99.42117052488364,Q8NFP7,NUDT10,Cardiometabolic_II,Unique Protein
OID30199,26.425129161581673,Q14324,MYBPC2,Cardiometabolic_II,Unique Protein
OID30200,34.85496066476874,P35520,CBS,Cardiometabolic_II,Unique Protein
OID30201,45.74732554635072,O14841,OPLAH,Cardiometabolic_II,Unique Protein
OID30202,21.154120416752075,Q8WXC3,PYDC1,Cardiometabolic_II,Unique Protein
OID30203,21.447332066471887,O43423,ANP32C,Cardiometabolic_II,Unique Protein
OID30204,26.00532974225329,Q9BQI0,AIF1L,Cardiometabolic_II,Unique Protein
OID30205,30.51957316185533,Q8TER0,SNED1,Cardiometabolic_II,Unique Protein
OID30206,36.376073160846495,Q9BTK6,PAGR1,Cardiometabolic_II,Unique Protein
OID30207,14.35247157638077,Q9H173,SIL1,Cardiometabolic_II,Unique Protein
OID30208,18.255645659993906,P20645,M6PR,Cardiometabolic_II,Unique Protein
OID30209,26.301841838345517,P13929,ENO3,Cardiometabolic_II,Unique Protein
OID30210,16.02852845483795,Q96ID5,IGSF21,Cardiometabolic_II,Unique Protein
OID30211,14.20591242975835,P23327,HRC,Cardiometabolic_II,Unique Protein
OID30212,19.032013402024404,P29536,LMOD1,Cardiometabolic_II,Duplicated Protein with lowest CV
OID30213,31.877890840354116,Q13316,DMP1,Cardiometabolic_II,Unique Protein
OID30214,49.45637826733787,P35914,HMGCL,Cardiometabolic_II,Unique Protein
OID30215,29.20199396835852,Q9Y5X3,SNX5,Cardiometabolic_II,Unique Protein
OID30216,45.09648889391939,Q14643,ITPR1,Cardiometabolic_II,Unique Protein
OID30217,22.06830713629691,Q99807,COQ7,Cardiometabolic_II,Unique Protein
OID30218,52.616503970632266,Q99942,RNF5,Cardiometabolic_II,Unique Protein
OID30219,70.80380621195596,P36776,LONP1,Cardiometabolic_II,Unique Protein
OID30220,45.8505835062573,Q14457,BECN1,Cardiometabolic_II,Unique Protein
OID30221,20.53854066442119,I3L3R5,CCER2,Cardiometabolic_II,Unique Protein
OID30222,43.500475809266234,Q8N668,COMMD1,Cardiometabolic_II,Unique Protein
OID30223,43.62113636267922,P11532,DMD,Cardiometabolic_II,Unique Protein
OID30224,13.840188512295674,P05305,EDN1,Cardiometabolic_II,Unique Protein
OID30225,32.058039618146275,Q14160,SCRIB,Cardiometabolic_II,Duplicated Protein with lowest CV
OID30226,28.287554259269193,Q8WZ75,ROBO4,Cardiometabolic_II,Unique Protein
OID30227,44.24493108061719,P55809,OXCT1,Cardiometabolic_II,Unique Protein
OID30228,23.53644888607365,Q9BY49,PECR,Cardiometabolic_II,Unique Protein
OID30229,66.62277831794196,Q9NZN3,EHD3,Cardiometabolic_II,Unique Protein
OID30230,21.364398512455985,P14902,IDO1,Cardiometabolic_II,Duplicated Protein with lowest CV
OID30231,34.07529742248483,Q96C92,ENTR1,Cardiometabolic_II,Unique Protein
OID30232,44.224700914455326,O75506,HSBP1,Cardiometabolic_II,Unique Protein
OID30233,61.56049435295736,P01225,FSHB,Cardiometabolic_II,Unique Protein
OID30234,14.5276145178469,O95980,RECK,Cardiometabolic_II,Unique Protein
OID30235,19.289005920937456,Q8NC42,RNF149,Cardiometabolic_II,Unique Protein
OID30236,31.30101583974263,Q9H7C9,AAMDC,Cardiometabolic_II,Unique Protein
OID30237,44.44785349459787,Q8TAE8,GADD45GIP1,Cardiometabolic_II,Unique Protein
OID30238,17.553955075870658,Q5GAN6,RNASE10,Cardiometabolic_II,Unique Protein
OID30239,60.83867395228515,P30084,ECHS1,Cardiometabolic_II,Unique Protein
OID30240,84.06169620946874,Q5SW79,CEP170,Cardiometabolic_II,Unique Protein
OID30241,26.52616334063818,P50053,KHK,Cardiometabolic_II,Unique Protein
OID30242,48.91237712971688,O75348,ATP6V1G1,Cardiometabolic_II,Unique Protein
OID30243,45.622880462367455,Q53T59,HS1BP3,Cardiometabolic_II,Unique Protein
OID30244,14.598594407583022,Q8IVF2,AHNAK2,Cardiometabolic_II,Unique Protein
OID30245,27.545509632442123,P12829,MYL4,Cardiometabolic_II,Unique Protein
OID30246,15.452289658873669,Q0VD83,APOBR,Cardiometabolic_II,Unique Protein
OID30247,64.86658537557524,O75061,DNAJC6,Cardiometabolic_II,Unique Protein
OID30248,41.969933260667815,Q8WUF8,FAM172A,Cardiometabolic_II,Unique Protein
OID30249,59.43484504616157,Q13137,CALCOCO2,Cardiometabolic_II,Unique Protein
OID30250,28.584254083090354,P58107,EPPK1,Cardiometabolic_II,Unique Protein
OID30251,22.363483239433094,P08590,MYL3,Cardiometabolic_II,Unique Protein
OID30252,38.52287888860558,Q86X76,NIT1,Cardiometabolic_II,Unique Protein
OID30253,68.95254381961017,P0DPI2,GATD3,Cardiometabolic_II,Unique Protein
OID30254,18.402307306344355,Q12841,FSTL1,Cardiometabolic_II,Unique Protein
OID30255,50.93490358328013,Q9NR61,DLL4,Cardiometabolic_II,Unique Protein
OID30256,29.175280014935563,Q6YN16,HSDL2,Cardiometabolic_II,Unique Protein
OID30257,125.72247493189337,Q6ZRY4,RBPMS2,Cardiometabolic_II,Unique Protein
OID30258,41.59731587118124,P43487,RANBP1,Cardiometabolic_II,Unique Protein
OID30259,41.45955952241173,Q92835,INPP5D,Cardiometabolic_II,Unique Protein
OID30260,17.305093385118276,Q09666,AHNAK,Cardiometabolic_II,Unique Protein
OID30261,17.407864053108423,Q9NYZ4,SIGLEC8,Cardiometabolic_II,Unique Protein
OID30262,15.284059535518171,O60476,MAN1A2,Cardiometabolic_II,Unique Protein
OID30263,43.73848498265496,P07355,ANXA2,Cardiometabolic_II,Unique Protein
OID30264,34.40844184435818,P07492,GRP,Cardiometabolic_II,Unique Protein
OID30265,43.1158212987576,P21754,ZP3,Cardiometabolic_II,Unique Protein
OID30266,25.852328586706513,P07098,LIPF,Cardiometabolic_II,Unique Protein
OID30267,41.36816308187707,Q9H3K6,BOLA2_BOLA2B,Cardiometabolic_II,Unique Protein
OID30268,70.61812195656549,Q16621,NFE2,Cardiometabolic_II,Unique Protein
OID30269,47.49383510055215,O94979,SEC31A,Cardiometabolic_II,Unique Protein
OID30270,62.48817079647527,P20042,EIF2S2,Cardiometabolic_II,Unique Protein
OID30271,33.36679351050404,Q9UJ70,NAGK,Cardiometabolic_II,Unique Protein
OID30272,62.43155059593427,O95825,CRYZL1,Cardiometabolic_II,Unique Protein
OID30273,13.350954633070073,Q6UWR7,ENPP6,Cardiometabolic_II,Unique Protein
OID30274,68.89490656753941,Q9BV79,MECR,Cardiometabolic_II,Unique Protein
OID30275,19.277694404790072,Q6UY14,ADAMTSL4,Cardiometabolic_II,Unique Protein
OID30276,18.330217174236203,Q5FWE3,PRRT3,Cardiometabolic_II,Unique Protein
OID30277,19.016275888973382,Q8IWT1,SCN4B,Cardiometabolic_II,Unique Protein
OID30278,29.693953948016077,Q9HB40,SCPEP1,Cardiometabolic_II,Unique Protein
OID30279,35.43399036353782,Q96DR5,BPIFA2,Cardiometabolic_II,Unique Protein
OID30280,15.180788518159044,P07942,LAMB1,Cardiometabolic_II,Unique Protein
OID30281,16.547162733953197,Q8NFL0,B3GNT7,Cardiometabolic_II,Unique Protein
OID30282,23.40168362337819,P01189,POMC,Cardiometabolic_II,Unique Protein
OID30283,59.04607959117204,Q7L266,ASRGL1,Cardiometabolic_II,Unique Protein
OID30284,24.05437265554422,P50914,RPL14,Cardiometabolic_II,Unique Protein
OID30285,49.70732811761387,P09543,CNP,Cardiometabolic_II,Unique Protein
OID30286,26.29291886441814,P02458,COL2A1,Cardiometabolic_II,Unique Protein
OID30287,74.9526303726227,Q24JP5,TMEM132A,Cardiometabolic_II,Unique Protein
OID30288,30.39779774304785,P09681,GIP,Cardiometabolic_II,Unique Protein
OID30289,54.769335649402194,Q9UBQ7,GRHPR,Cardiometabolic_II,Unique Protein
OID30290,55.15945171227119,Q9BVM4,GGACT,Cardiometabolic_II,Unique Protein
OID30291,38.3519036931161,P33681,CD80,Cardiometabolic_II,Unique Protein
OID30292,52.8645718164142,Q12982,BNIP2,Cardiometabolic_II,Unique Protein
OID30293,32.60329299338739,Q96DC8,ECHDC3,Cardiometabolic_II,Unique Protein
OID30294,59.81914788358217,Q8TCD5,NT5C,Cardiometabolic_II,Unique Protein
OID30295,45.738161543066305,Q7Z7M9,GALNT5,Cardiometabolic_II,Unique Protein
OID30296,39.83633117534679,Q00872,MYBPC1,Cardiometabolic_II,Unique Protein
OID30297,35.328439612945644,Q14914,PTGR1,Cardiometabolic_II,Unique Protein
OID30298,29.89157376094943,Q6UW49,SPESP1,Cardiometabolic_II,Unique Protein
OID30299,31.033072823539577,P51511,MMP15,Cardiometabolic_II,Unique Protein
OID30300,32.45934600066238,P08138,NGFR,Cardiometabolic_II,Unique Protein
OID30301,58.633585284234336,P15502,ELN,Cardiometabolic_II,Unique Protein
OID30302,43.8999272730749,Q8NDI1,EHBP1,Cardiometabolic_II,Unique Protein
OID30303,36.34432121140778,O43681,GET3,Cardiometabolic_II,Unique Protein
OID30304,60.67250468384522,O75223,GGCT,Cardiometabolic_II,Unique Protein
OID30305,37.520994441568156,O43405,COCH,Cardiometabolic_II,Unique Protein
OID30306,30.622423272278333,Q9Y2E5,MAN2B2,Cardiometabolic_II,Unique Protein
OID30307,39.92936470587371,P02008,HBZ,Cardiometabolic_II,Unique Protein
OID30308,65.21350743961594,P23919,DTYMK,Cardiometabolic_II,Unique Protein
OID30309,37.24991434218148,Q7Z304,MAMDC2,Cardiometabolic_II,Unique Protein
OID30310,37.54208597972672,P78539,SRPX,Cardiometabolic_II,Unique Protein
OID30311,34.086384430970845,Q8N4F0,BPIFB2,Cardiometabolic_II,Unique Protein
OID30312,36.318542095487096,P54687,BCAT1,Cardiometabolic_II,Unique Protein
OID30313,81.9346629270779,Q969H8,MYDGF,Cardiometabolic_II,Unique Protein
OID30314,79.86367323441942,Q96EM0,L3HYPDH,Cardiometabolic_II,Unique Protein
OID30315,35.2746198471421,Q9BXN1,ASPN,Cardiometabolic_II,Unique Protein
OID30316,26.40358896677605,Q13428,TCOF1,Cardiometabolic_II,Unique Protein
OID30317,76.24323198219946,P14854,COX6B1,Cardiometabolic_II,Unique Protein
OID30318,41.48526971080506,P16035,TIMP2,Cardiometabolic_II,Unique Protein
OID30319,47.37694751557334,P53674,CRYBB1,Cardiometabolic_II,Unique Protein
OID30320,45.429142187402746,O14960,LECT2,Cardiometabolic_II,Unique Protein
OID30321,49.13481596563833,O14933,UBE2L6,Cardiometabolic_II,Unique Protein
OID30322,34.38300296928698,Q8N436,CPXM2,Cardiometabolic_II,Unique Protein
OID30323,67.104030124961,Q13442,PDAP1,Cardiometabolic_II,Unique Protein
OID30324,34.48916665818811,P23467,PTPRB,Cardiometabolic_II,Unique Protein
OID30325,97.49878732888958,O75154,RAB11FIP3,Cardiometabolic_II,Unique Protein
OID30326,31.584496231911157,Q6NUS6,TCTN3,Cardiometabolic_II,Unique Protein
OID30327,52.38354574441158,Q96FZ7,CHMP6,Cardiometabolic_II,Unique Protein
OID30328,36.3907702310324,P98161,PKD1,Cardiometabolic_II,Unique Protein
OID30329,38.72719014895358,Q9BXD5,NPL,Cardiometabolic_II,Unique Protein
OID30330,41.949466756531024,Q9P2J2,IGSF9,Cardiometabolic_II,Unique Protein
OID30331,69.39708363542532,Q9BW04,SARG,Cardiometabolic_II,Unique Protein
OID30332,39.312261099144294,Q8WWV6,FCAMR,Cardiometabolic_II,Unique Protein
OID30333,41.338458424874574,O75711,SCRG1,Cardiometabolic_II,Unique Protein
OID30334,38.4699306382525,Q6UXI7,VIT,Cardiometabolic_II,Unique Protein
OID30335,91.63475701840757,P29692,EEF1D,Cardiometabolic_II,Unique Protein
OID30336,59.32290464786644,Q9NQR4,NIT2,Cardiometabolic_II,Unique Protein
OID30337,34.38893691021179,Q9BQS7,HEPH,Cardiometabolic_II,Unique Protein
OID30338,35.07108155379716,Q9H3S4,TPK1,Cardiometabolic_II,Unique Protein
OID30339,130.02679694806844,Q96C24,SYTL4,Cardiometabolic_II,Unique Protein
OID30340,63.774070874587196,O60234,GMFG,Cardiometabolic_II,Unique Protein
OID30341,42.811988550013865,P51688,SGSH,Cardiometabolic_II,Unique Protein
OID30342,67.00715513885001,Q969X0,RILPL2,Cardiometabolic_II,Unique Protein
OID30343,41.6267275160664,P23471,PTPRZ1,Cardiometabolic_II,Unique Protein
OID30344,56.58324889865496,P52209,PGD,Cardiometabolic_II,Unique Protein
OID30345,34.65249496973479,P32320,CDA,Cardiometabolic_II,Unique Protein
OID30346,39.78622064770185,Q6PI73,LILRA6,Cardiometabolic_II,Unique Protein
OID30347,30.691160237092863,P08582,MELTF,Cardiometabolic_II,Unique Protein
OID30348,30.095730778992476,Q96MK3,FAM20A,Cardiometabolic_II,Unique Protein
OID30349,28.38562756127005,Q8IZF2,ADGRF5,Cardiometabolic_II,Unique Protein
OID30350,39.16091623377331,P49593,PPM1F,Cardiometabolic_II,Unique Protein
OID30351,53.38619129438423,P05413,FABP3,Cardiometabolic_II,Unique Protein
OID30352,60.485557747736216,Q9UBR1,UPB1,Cardiometabolic_II,Unique Protein
OID30353,55.33926670020547,Q15388,TOMM20,Cardiometabolic_II,Unique Protein
OID30354,72.46616924002171,O00194,RAB27B,Cardiometabolic_II,Unique Protein
OID30355,51.369991307286334,Q6ZMM2,ADAMTSL5,Cardiometabolic_II,Unique Protein
OID30356,89.03182092438993,P45954,ACADSB,Cardiometabolic_II,Unique Protein
OID30357,59.00637546699272,P61026,RAB10,Cardiometabolic_II,Unique Protein
OID30358,23.57880667584784,P62072,TIMM10,Cardiometabolic_II,Unique Protein
OID30359,53.38882756621197,P07093,SERPINE2,Cardiometabolic_II,Unique Protein
OID30360,60.79484582358909,Q7Z7K0,CMC1,Cardiometabolic_II,Unique Protein
OID30361,38.69701072244917,Q96AG4,LRRC59,Cardiometabolic_II,Unique Protein
OID30362,39.665536950357605,P40199,CEACAM6,Cardiometabolic_II,Unique Protein
OID30363,196.8712803506886,P16410,CTLA4,Cardiometabolic_II,Unique Protein
OID30364,115.72023330971194,P07288,KLK3,Cardiometabolic_II,Unique Protein
OID30365,44.40759787397535,Q6H9L7,ISM2,Cardiometabolic_II,Unique Protein
OID30366,46.55181468654345,Q9Y303,AMDHD2,Cardiometabolic_II,Unique Protein
OID30367,39.77317511334009,P13796,LCP1,Cardiometabolic_II,Unique Protein
OID30369,93.49932733241286,P02730,SLC4A1,Cardiometabolic_II,Unique Protein
OID30370,32.10902887347131,Q86TH1,ADAMTSL2,Cardiometabolic_II,Unique Protein
OID30372,34.09146516879132,P30046,DDT,Cardiometabolic_II,Unique Protein
OID30373,69.05528812668977,P23560,BDNF,Cardiometabolic_II,Unique Protein
OID30374,31.730243339553617,Q9NRR1,CYTL1,Cardiometabolic_II,Unique Protein
OID30375,61.398469012498836,P13667,PDIA4,Cardiometabolic_II,Unique Protein
OID30376,33.435964241374414,Q8N6C8,LILRA3,Cardiometabolic_II,Unique Protein
OID30377,36.87014523965775,Q02817,MUC2,Cardiometabolic_II,Unique Protein
OID30378,37.61925759465408,P98095,FBLN2,Cardiometabolic_II,Unique Protein
OID30379,35.20241919352116,P02461,COL3A1,Cardiometabolic_II,Unique Protein
OID30380,35.19196637098172,P08575,PTPRC,Cardiometabolic_II,Unique Protein
OID30381,37.35622311505645,P13727,PRG2,Cardiometabolic_II,Unique Protein
OID30382,93.21304652837108,P35579,MYH9,Cardiometabolic_II,Unique Protein
OID30383,33.38634747699724,Q9Y2Y8,PRG3,Cardiometabolic_II,Unique Protein
OID30384,43.15205288549932,P32971,TNFSF8,Cardiometabolic_II,Unique Protein
OID30385,88.40505095064015,P30405,PPIF,Cardiometabolic_II,Unique Protein
OID30386,66.84175211334575,Q6IBS0,TWF2,Cardiometabolic_II,Unique Protein
OID30387,33.20745385093995,Q8N114,SHISA5,Cardiometabolic_II,Unique Protein
OID30388,35.83484612603628,O43280,TREH,Cardiometabolic_II,Unique Protein
OID30389,42.78562950730503,P02818,BGLAP,Cardiometabolic_II,Unique Protein
OID30390,27.373067854837462,P47972,NPTX2,Cardiometabolic_II,Unique Protein
OID30391,34.95724355527635,Q96NZ9,PRAP1,Cardiometabolic_II,Unique Protein
OID30393,27.91603462481353,Q96CG8,CTHRC1,Cardiometabolic_II,Unique Protein
OID30394,42.28755018244209,Q9HCU0,CD248,Cardiometabolic_II,Unique Protein
OID30395,43.385439518750566,Q9BYJ0,FGFBP2,Cardiometabolic_II,Unique Protein
OID30396,35.30737350545169,P39059,COL15A1,Cardiometabolic_II,Unique Protein
OID30397,34.91524542633042,Q6UVK1,CSPG4,Cardiometabolic_II,Unique Protein
OID30398,32.54470986590297,Q6UWP8,SBSN,Cardiometabolic_II,Unique Protein
OID30399,77.62127185077274,O75339,CILP,Cardiometabolic_II,Unique Protein
OID30400,47.5686423329355,P12277,CKB,Cardiometabolic_II,Unique Protein
OID30401,33.48904708114597,Q8WWQ8,STAB2,Cardiometabolic_II,Unique Protein
OID30402,33.0090507002326,Q8TDY8,IGDCC4,Cardiometabolic_II,Unique Protein
OID30403,49.64435668623236,P10645,CHGA,Cardiometabolic_II,Unique Protein
OID30404,34.22688887871699,P55000,SLURP1,Cardiometabolic_II,Unique Protein
OID30405,38.4622818259719,Q9H2X3,CLEC4M,Cardiometabolic_II,Unique Protein
OID30406,33.562725282949636,Q9Y646,CPQ,Cardiometabolic_II,Unique Protein
OID30407,36.106938064402506,Q04721,NOTCH2,Cardiometabolic_II,Unique Protein
OID30408,34.721703702509394,O95965,ITGBL1,Cardiometabolic_II,Unique Protein
OID30409,75.48927740415385,Q9Y251,HPSE,Cardiometabolic_II,Unique Protein
OID30410,46.79351312218408,Q15063,POSTN,Cardiometabolic_II,Unique Protein
OID30411,35.17421198834208,P08217,CELA2A,Cardiometabolic_II,Unique Protein
OID30412,25.51985185723505,Q9UQP3,TNN,Cardiometabolic_II,Unique Protein
OID30413,37.29415393547567,P17900,GM2A,Cardiometabolic_II,Unique Protein
OID30414,35.52277809642715,P37837,TALDO1,Cardiometabolic_II,Unique Protein
OID30415,49.5562634169494,Q13510,ASAH1,Cardiometabolic_II,Unique Protein
OID30416,29.944860050966238,P11279,LAMP1,Cardiometabolic_II,Unique Protein
OID30417,35.18542648873309,P17174,GOT1,Cardiometabolic_II,Unique Protein
OID30418,40.44275956416008,P61916,NPC2,Cardiometabolic_II,Unique Protein
OID30419,33.62356285574574,P07602,PSAP,Cardiometabolic_II,Unique Protein
OID20049,78.60695044982319,P16860,NPPB,Cardiometabolic,Unique Protein
OID20050,311.29948522394443,P19429,TNNI3,Cardiometabolic,Unique Protein
OID20051,66.48361621567324,P61978,HNRNPK,Cardiometabolic,Unique Protein
OID20052,36.91908203166497,P17676,CEBPB,Cardiometabolic,Unique Protein
OID20053,57.207610944286394,P08670,VIM,Cardiometabolic,Unique Protein
OID20054,98.85372414852532,O96017,CHEK2,Cardiometabolic,Unique Protein
OID20055,60.01101538724891,P34998,CRHR1,Cardiometabolic,Unique Protein
OID20056,39.84566010821321,Q969D9,TSLP,Cardiometabolic,Unique Protein
OID20057,47.71858277457021,P55082,MFAP3,Cardiometabolic,Unique Protein
OID20058,43.83545887045262,O95988,TCL1B,Cardiometabolic,Unique Protein
OID20059,39.92789916482368,Q9NRD8,DUOX2,Cardiometabolic,Unique Protein
OID20061,45.29065293666413,Q16619,CTF1,Cardiometabolic,Unique Protein
OID20062,64.1262381031371,P17516,AKR1C4,Cardiometabolic,Unique Protein
OID20063,66.16072871559078,Q9NRV9,HEBP1,Cardiometabolic,Unique Protein
OID20064,329.5422427960925,P36952,SERPINB5,Cardiometabolic,Unique Protein
OID20065,93.6091914406214,P52789,HK2,Cardiometabolic,Unique Protein
OID20066,53.84371338021378,P34947,GRK5,Cardiometabolic,Unique Protein
OID20067,28.550852979717085,Q96N03,VSTM2L,Cardiometabolic,Unique Protein
OID20068,67.12125199053615,P31483,TIA1,Cardiometabolic,Unique Protein
OID20069,31.36266172733963,Q9Y2B0,CNPY2,Cardiometabolic,Unique Protein
OID20070,69.05399549059544,O43186,CRX,Cardiometabolic,Unique Protein
OID20071,32.16271982011613,O95183,VAMP5,Cardiometabolic,Unique Protein
OID20072,52.38428519006359,Q6UWL2,SUSD1,Cardiometabolic,Unique Protein
OID20073,22.92570361763298,Q9UKL0,RCOR1,Cardiometabolic,Unique Protein
OID20074,29.724330071233513,P01375,TNF,Cardiometabolic,Duplicated Protein with lowest CV
OID20075,33.0180503795516,P35218,CA5A,Cardiometabolic,Unique Protein
OID20076,27.349446734470405,P51161,FABP6,Cardiometabolic,Unique Protein
OID20077,48.8183565559034,Q15831,STK11,Cardiometabolic,Unique Protein
OID20078,21.695750569682875,O60635,TSPAN1,Cardiometabolic,Unique Protein
OID20079,27.445896655488678,P62736,ACTA2,Cardiometabolic,Unique Protein
OID20080,26.464614657933396,P58546,MTPN,Cardiometabolic,Unique Protein
OID20081,26.832373085293415,O43854,EDIL3,Cardiometabolic,Unique Protein
OID20082,29.46791948239531,Q13105,ZBTB17,Cardiometabolic,Unique Protein
OID20083,54.91006684407358,P21246,PTN,Cardiometabolic,Unique Protein
OID20084,57.91088173290183,O95684,CEP43,Cardiometabolic,Unique Protein
OID20085,93.30694743434562,Q12912,IRAG2,Cardiometabolic,Unique Protein
OID20086,50.137752656521286,P21964,COMT,Cardiometabolic,Unique Protein
OID20087,32.059388503636235,P09237,MMP7,Cardiometabolic,Unique Protein
OID20088,28.689572014901586,Q15165,PON2,Cardiometabolic,Unique Protein
OID20089,29.430609077492704,Q8TE57,ADAMTS16,Cardiometabolic,Unique Protein
OID20090,32.24786091512675,P55259,GP2,Cardiometabolic,Unique Protein
OID20091,55.840999251067515,Q92558,WASF1,Cardiometabolic,Unique Protein
OID20092,45.488832982106345,Q99549,MPHOSPH8,Cardiometabolic,Unique Protein
OID20093,23.773082279641372,Q8NHS0,DNAJB8,Cardiometabolic,Unique Protein
OID20094,31.383002775913273,Q9H5Y7,SLITRK6,Cardiometabolic,Unique Protein
OID20095,58.06119317766465,O15354,GPR37,Cardiometabolic,Unique Protein
OID20096,63.163656934869195,P20718,GZMH,Cardiometabolic,Unique Protein
OID20097,65.28269890214267,P13807,GYS1,Cardiometabolic,Unique Protein
OID20098,38.60059353809022,P40225,THPO,Cardiometabolic,Unique Protein
OID20099,27.44843864144072,Q8NC01,CLEC1A,Cardiometabolic,Unique Protein
OID20100,22.96963469289783,O75354,ENTPD6,Cardiometabolic,Unique Protein
OID20101,35.492814718925274,P05231,IL6,Cardiometabolic,Duplicated Protein with lowest CV
OID20102,40.59906766517323,P31997,CEACAM8,Cardiometabolic,Unique Protein
OID20103,35.853453553299786,P25815,S100P,Cardiometabolic,Unique Protein
OID20104,24.059141505798717,O75356,ENTPD5,Cardiometabolic,Unique Protein
OID20105,22.801944710529757,Q9BYF1,ACE2,Cardiometabolic,Unique Protein
OID20106,23.98225321283301,P07585,DCN,Cardiometabolic,Unique Protein
OID20107,52.29337676164615,Q04760,GLO1,Cardiometabolic,Unique Protein
OID20108,37.170230850677214,Q9NWQ8,PAG1,Cardiometabolic,Unique Protein
OID20109,32.60967924984444,Q13444,ADAM15,Cardiometabolic,Unique Protein
OID20110,62.64696348335954,P40818,USP8,Cardiometabolic,Unique Protein
OID20111,18.838338312600158,P22004,BMP6,Cardiometabolic,Unique Protein
OID20112,66.85866417752793,Q9UKP3,ITGB1BP2,Cardiometabolic,Unique Protein
OID20113,41.87101852012926,P09668,CTSH,Cardiometabolic,Unique Protein
OID20114,37.113053604800974,P46379,BAG6,Cardiometabolic,Unique Protein
OID20115,33.792327603102386,O14793,MSTN,Cardiometabolic,Unique Protein
OID20116,28.869453415056935,Q9BWV1,BOC,Cardiometabolic,Unique Protein
OID20117,27.417305110295498,P08319,ADH4,Cardiometabolic,Unique Protein
OID20118,71.60578827439411,P09496,CLTA,Cardiometabolic,Unique Protein
OID20119,32.76901363392189,P34913,EPHX2,Cardiometabolic,Unique Protein
OID20120,18.41741357025761,Q96A56,TP53INP1,Cardiometabolic,Unique Protein
OID20121,50.15593225683872,Q9Y4X3,CCL27,Cardiometabolic,Unique Protein
OID20122,58.10306255826202,P00568,AK1,Cardiometabolic,Unique Protein
OID20123,50.56768929443709,P09525,ANXA4,Cardiometabolic,Unique Protein
OID20124,51.94993622879981,Q15067,ACOX1,Cardiometabolic,Unique Protein
OID20125,49.256530911244155,NTproBNP,NTproBNP,Cardiometabolic,Unique Protein
OID20126,37.37469807797136,Q05315,CLC,Cardiometabolic,Unique Protein
OID20127,75.9342996195849,Q6PJW8,CNST,Cardiometabolic,Unique Protein
OID20128,31.105578431280524,P48357,LEPR,Cardiometabolic,Unique Protein
OID20129,34.57723918596614,P01222,TSHB,Cardiometabolic,Unique Protein
OID20130,31.80966528706049,P31949,S100A11,Cardiometabolic,Unique Protein
OID20131,48.056639211328914,Q9H7M9,VSIR,Cardiometabolic,Unique Protein
OID20132,37.53729612342537,O14917,PCDH17,Cardiometabolic,Unique Protein
OID20133,34.376989612989924,P16234,PDGFRA,Cardiometabolic,Unique Protein
OID20134,34.63646454205094,Q12864,CDH17,Cardiometabolic,Unique Protein
OID20135,46.58949644047165,Q9Y5X1,SNX9,Cardiometabolic,Unique Protein
OID20136,33.03708406507535,Q16620,NTRK2,Cardiometabolic,Unique Protein
OID20137,32.11459967498748,Q03154,ACY1,Cardiometabolic,Unique Protein
OID20138,66.38800682737529,O60496,DOK2,Cardiometabolic,Unique Protein
OID20139,28.045198900831792,P21549,AGXT,Cardiometabolic,Unique Protein
OID20140,52.01913823302359,Q13043,STK4,Cardiometabolic,Unique Protein
OID20141,73.69863488344532,P21980,TGM2,Cardiometabolic,Unique Protein
OID20142,42.8866537796033,Q9UHL4,DPP7,Cardiometabolic,Unique Protein
OID20143,39.7486488020031,O60664,PLIN3,Cardiometabolic,Unique Protein
OID20144,53.51282716137944,O94903,PLPBP,Cardiometabolic,Unique Protein
OID20145,37.03201625632965,Q9UMF0,ICAM5,Cardiometabolic,Unique Protein
OID20146,64.55067711405016,P10644,PRKAR1A,Cardiometabolic,Unique Protein
OID20147,34.212732904837914,P40189,IL6ST,Cardiometabolic,Unique Protein
OID20148,31.955419780634216,Q9H773,DCTPP1,Cardiometabolic,Unique Protein
OID20149,84.06287243812038,Q6GTS8,PM20D1,Cardiometabolic,Unique Protein
OID20150,45.6709881864499,Q53H82,LACTB2,Cardiometabolic,Unique Protein
OID20151,55.33266025221684,Q13158,FADD,Cardiometabolic,Unique Protein
OID20152,34.101359729214245,Q99674,CGREF1,Cardiometabolic,Unique Protein
OID20153,39.61259975740792,P10145,CXCL8,Cardiometabolic,Duplicated Protein and not lowest CV
OID20154,40.09201901460317,P09382,LGALS1,Cardiometabolic,Unique Protein
OID20155,30.08972601602225,Q8WX77,IGFBPL1,Cardiometabolic,Unique Protein
OID20156,92.19110538473848,P41218,MNDA,Cardiometabolic,Unique Protein
OID20157,31.910925275249152,P55285,CDH6,Cardiometabolic,Unique Protein
OID20158,34.067254928440164,Q9UHD0,IL19,Cardiometabolic,Unique Protein
OID20159,27.225397205064596,P16112,ACAN,Cardiometabolic,Unique Protein
OID20160,35.085523369124225,Q9ULL4,PLXNB3,Cardiometabolic,Unique Protein
OID20161,35.60608109980716,Q06418,TYRO3,Cardiometabolic,Unique Protein
OID20162,48.31644804982114,Q13541,EIF4EBP1,Cardiometabolic,Unique Protein
OID20163,36.84331130617283,O75340,PDCD6,Cardiometabolic,Unique Protein
OID20164,45.43397597254903,P51693,APLP1,Cardiometabolic,Unique Protein
OID20165,47.48464432582885,Q9NY25,CLEC5A,Cardiometabolic,Unique Protein
OID20166,34.21801861697428,P08263,GSTA1,Cardiometabolic,Unique Protein
OID20167,33.03134459525728,Q969P0,IGSF8,Cardiometabolic,Unique Protein
OID20168,36.74751623264261,Q16820,MEP1B,Cardiometabolic,Unique Protein
OID20169,37.970390056813486,P18827,SDC1,Cardiometabolic,Unique Protein
OID20170,41.80476426200257,P19022,CDH2,Cardiometabolic,Unique Protein
OID20171,35.15094046143933,Q8NI22,MCFD2,Cardiometabolic,Unique Protein
OID20172,35.11191454786049,Q96LA6,FCRL1,Cardiometabolic,Unique Protein
OID20173,34.2402630326645,Q14956,GPNMB,Cardiometabolic,Unique Protein
OID20174,38.957547394813155,P09417,QDPR,Cardiometabolic,Unique Protein
OID20175,45.08045460640157,Q9UBU3,GHRL,Cardiometabolic,Unique Protein
OID20176,47.89727776899288,P41236,PPP1R2,Cardiometabolic,Unique Protein
OID20177,57.464639866866506,Q9Y5K6,CD2AP,Cardiometabolic,Unique Protein
OID20178,37.950839931852364,O95544,NADK,Cardiometabolic,Unique Protein
OID20179,35.64229743267314,P27352,CBLIF,Cardiometabolic,Unique Protein
OID20180,33.81004268014655,Q9GZM7,TINAGL1,Cardiometabolic,Unique Protein
OID20181,33.25499489049994,Q8WVQ1,CANT1,Cardiometabolic,Unique Protein
OID20182,46.479869198769045,Q8WTU2,SSC4D,Cardiometabolic,Unique Protein
OID20183,62.54697300510441,P78380,OLR1,Cardiometabolic,Unique Protein
OID20184,87.12365937501329,Q9NR28,DIABLO,Cardiometabolic,Unique Protein
OID20185,42.774115019421075,Q86VZ4,LRP11,Cardiometabolic,Unique Protein
OID20186,28.228257391280014,Q13275,SEMA3F,Cardiometabolic,Unique Protein
OID20187,47.0573157261812,P41159,LEP,Cardiometabolic,Unique Protein
OID20188,33.00537675398541,P06858,LPL,Cardiometabolic,Unique Protein
OID20189,37.097355357196925,Q8IZP9,ADGRG2,Cardiometabolic,Unique Protein
OID20190,33.5974227289358,Q9Y286,SIGLEC7,Cardiometabolic,Unique Protein
OID20191,34.412356699657096,O95502,NPTXR,Cardiometabolic,Unique Protein
OID20192,81.6031710461465,O75791,GRAP2,Cardiometabolic,Unique Protein
OID20193,33.55127599310421,Q9HBB8,CDHR5,Cardiometabolic,Unique Protein
OID20194,36.75959527930229,P52888,THOP1,Cardiometabolic,Unique Protein
OID20195,42.789433779264684,P35754,GLRX,Cardiometabolic,Unique Protein
OID20196,35.21724849840137,P21583,KITLG,Cardiometabolic,Unique Protein
OID20197,36.39927455414091,Q9UKJ0,PILRB,Cardiometabolic,Unique Protein
OID20198,33.441281834061485,Q15846,CLUL1,Cardiometabolic,Unique Protein
OID20199,56.976812809278634,P23526,AHCY,Cardiometabolic,Unique Protein
OID20200,39.18793377172315,P12104,FABP2,Cardiometabolic,Unique Protein
OID20201,33.024904135837545,P00797,REN,Cardiometabolic,Unique Protein
OID20202,32.94019440327249,Q9UK05,GDF2,Cardiometabolic,Unique Protein
OID20203,127.70205644841062,P12724,RNASE3,Cardiometabolic,Unique Protein
OID20204,39.42405651623527,Q9BQB4,SOST,Cardiometabolic,Unique Protein
OID20205,35.05681188387301,Q9NQX5,NPDC1,Cardiometabolic,Unique Protein
OID20206,59.79217054323547,Q07108,CD69,Cardiometabolic,Unique Protein
OID20207,67.99258512214456,P42830,CXCL5,Cardiometabolic,Unique Protein
OID20208,36.60447437336462,P02462,COL4A1,Cardiometabolic,Unique Protein
OID20209,34.07086219424861,A6NI73,LILRA5,Cardiometabolic,Unique Protein
OID20210,26.822344509155556,Q9UEW3,MARCO,Cardiometabolic,Unique Protein
OID20211,28.409272453327045,O95841,ANGPTL1,Cardiometabolic,Unique Protein
OID20212,35.157211407863194,Q9BQR3,PRSS27,Cardiometabolic,Unique Protein
OID20213,34.28494169626506,Q99523,SORT1,Cardiometabolic,Unique Protein
OID20214,35.97537146507491,P35247,SFTPD,Cardiometabolic,Unique Protein
OID20215,37.65967830683566,P20711,DDC,Cardiometabolic,Unique Protein
OID20216,51.76787703710303,P31431,SDC4,Cardiometabolic,Unique Protein
OID20217,44.520121715167335,P09601,HMOX1,Cardiometabolic,Unique Protein
OID20218,62.628145145932464,O00161,SNAP23,Cardiometabolic,Unique Protein
OID20219,35.931893320097515,Q8IW75,SERPINA12,Cardiometabolic,Unique Protein
OID20220,46.918939986573534,P01241,GH1,Cardiometabolic,Unique Protein
OID20221,35.69542565192197,Q9BUD6,SPON2,Cardiometabolic,Unique Protein
OID20222,36.016872584688876,Q92692,NECTIN2,Cardiometabolic,Unique Protein
OID20223,44.1080839542237,Q6WN34,CHRDL2,Cardiometabolic,Unique Protein
OID20224,33.636050641719194,Q01973,ROR1,Cardiometabolic,Unique Protein
OID20225,67.09599007733782,Q8N1Q1,CA13,Cardiometabolic,Unique Protein
OID20226,37.76072639043195,Q76M96,CCDC80,Cardiometabolic,Unique Protein
OID20227,99.59646263030456,P09467,FBP1,Cardiometabolic,Unique Protein
OID20228,31.03031272968727,P07711,CTSL,Cardiometabolic,Unique Protein
OID20229,37.883048561414235,Q92823,NRCAM,Cardiometabolic,Unique Protein
OID20230,53.106155897429865,P04792,HSPB1,Cardiometabolic,Unique Protein
OID20231,34.05280788909543,P07204,THBD,Cardiometabolic,Unique Protein
OID20232,52.9552703239026,Q16773,KYAT1,Cardiometabolic,Unique Protein
OID20233,46.229200935715404,Q92520,FAM3C,Cardiometabolic,Unique Protein
OID20234,69.94960676192586,P19971,TYMP,Cardiometabolic,Unique Protein
OID20235,70.26170961646481,Q8NBP7,PCSK9,Cardiometabolic,Unique Protein
OID20236,27.54719353629453,Q16270,IGFBP7,Cardiometabolic,Unique Protein
OID20237,40.83043423212725,P07911,UMOD,Cardiometabolic,Unique Protein
OID20238,66.06885393928198,P55058,PLTP,Cardiometabolic,Unique Protein
OID20239,68.54774781481102,Q13361,MFAP5,Cardiometabolic,Unique Protein
OID20240,45.747429758296846,P01130,LDLR,Cardiometabolic,Unique Protein
OID20241,45.289977640434934,P22748,CA4,Cardiometabolic,Unique Protein
OID20242,52.314259901773106,P54760,EPHB4,Cardiometabolic,Unique Protein
OID20243,52.06089228866424,P33151,CDH5,Cardiometabolic,Unique Protein
OID20244,60.80455777096107,P23141,CES1,Cardiometabolic,Unique Protein
OID20245,44.76614717411892,P15090,FABP4,Cardiometabolic,Unique Protein
OID20246,64.76816298498393,P08833,IGFBP1,Cardiometabolic,Unique Protein
OID20247,63.19472280875097,P00750,PLAT,Cardiometabolic,Unique Protein
OID20248,49.31949979438927,P13598,ICAM2,Cardiometabolic,Unique Protein
OID20249,58.32689189092803,Q76LX8,ADAMTS13,Cardiometabolic,Unique Protein
OID20250,58.84017009751589,Q01638,IL1RL1,Cardiometabolic,Unique Protein
OID20251,39.13705835358853,Q99988,GDF15,Cardiometabolic,Unique Protein
OID20252,56.446669190947006,P04054,PLA2G1B,Cardiometabolic,Unique Protein
OID20253,54.07092997982441,Q9UM47,NOTCH3,Cardiometabolic,Unique Protein
OID20254,55.11350716064815,Q14767,LTBP2,Cardiometabolic,Unique Protein
OID20255,59.29592661792535,Q03167,TGFBR3,Cardiometabolic,Unique Protein
OID20256,107.37533623788369,P04275,VWF,Cardiometabolic,Unique Protein
OID20257,39.96050792408625,Q5VY43,PEAR1,Cardiometabolic,Unique Protein
OID20258,61.11595778412402,Q06141,REG3A,Cardiometabolic,Unique Protein
OID20259,60.410029729364055,P55808,XG,Cardiometabolic,Unique Protein
OID20260,61.8076988029898,P48960,ADGRE5,Cardiometabolic,Unique Protein
OID20261,61.1795236448606,P04066,FUCA1,Cardiometabolic,Unique Protein
OID20262,57.70058560244835,Q9NNX6,CD209,Cardiometabolic,Unique Protein
OID20263,48.90160180012761,P02144,MB,Cardiometabolic,Unique Protein
OID20264,66.94939792978609,Q9UBP4,DKK3,Cardiometabolic,Unique Protein
OID20265,49.47786070957056,O14798,TNFRSF10C,Cardiometabolic,Unique Protein
OID20266,52.79867342154505,P48304,REG1B,Cardiometabolic,Unique Protein
OID20267,57.24841967595021,P01589,IL2RA,Cardiometabolic,Unique Protein
OID20268,32.67531251149596,P09619,PDGFRB,Cardiometabolic,Unique Protein
OID20269,42.3940514148372,P08581,MET,Cardiometabolic,Unique Protein
OID20270,41.37328095250382,Q96AP7,ESAM,Cardiometabolic,Unique Protein
OID20271,57.80394295489667,P07451,CA3,Cardiometabolic,Unique Protein
OID20272,55.67521084638539,Q9Y275,TNFSF13B,Cardiometabolic,Unique Protein
OID20273,62.52936892980734,Q13740,ALCAM,Cardiometabolic,Unique Protein
OID20274,43.92264317268689,P14555,PLA2G2A,Cardiometabolic,Unique Protein
OID20275,49.214421338136205,P08118,MSMB,Cardiometabolic,Unique Protein
OID20276,46.86194530243617,P07858,CTSB,Cardiometabolic,Unique Protein
OID20277,53.49056024275692,P32942,ICAM3,Cardiometabolic,Unique Protein
OID20278,63.29739378462129,Q07507,DPT,Cardiometabolic,Unique Protein
OID20279,60.014867863013386,Q9NQ79,CRTAC1,Cardiometabolic,Unique Protein
OID20280,57.38508731337746,P15085,CPA1,Cardiometabolic,Unique Protein
OID20281,66.45366322968857,Q86U17,SERPINA11,Cardiometabolic,Unique Protein
OID20282,67.53288082864628,Q9H2A7,CXCL16,Cardiometabolic,Unique Protein
OID20283,57.670116026926166,O75326,SEMA7A,Cardiometabolic,Unique Protein
OID20284,43.769294645564536,P17931,LGALS3,Cardiometabolic,Unique Protein
OID20285,59.97322330907519,Q9H1U4,MEGF9,Cardiometabolic,Unique Protein
OID20286,93.7782928984493,P31146,CORO1A,Cardiometabolic,Unique Protein
OID20287,47.57050366529988,P17813,ENG,Cardiometabolic,Unique Protein
OID20288,45.942593561848014,Q13822,ENPP2,Cardiometabolic,Unique Protein
OID20289,43.63181389456767,P15086,CPB1,Cardiometabolic,Unique Protein
OID20290,64.85885031297789,P16581,SELE,Cardiometabolic,Unique Protein
OID20291,61.13933945036864,P19021,PAM,Cardiometabolic,Unique Protein
OID20292,66.02372887423743,P12111,COL6A3,Cardiometabolic,Unique Protein
OID20293,59.67244657741059,Q15828,CST6,Cardiometabolic,Unique Protein
OID20294,49.58050956299769,P04080,CSTB,Cardiometabolic,Unique Protein
OID20295,60.10432944659653,P80370,DLK1,Cardiometabolic,Unique Protein
OID20296,42.06965761452278,P08236,GUSB,Cardiometabolic,Unique Protein
OID20297,50.6319753999081,Q14162,SCARF1,Cardiometabolic,Unique Protein
OID20298,59.36334376479172,P09093,CELA3A,Cardiometabolic,Unique Protein
OID20299,47.8057486176229,P48745,CCN3,Cardiometabolic,Unique Protein
OID20300,27.333317601216173,Q9Y4L1,HYOU1,Cardiometabolic,Unique Protein
OID20301,62.607902277851416,Q8N423,LILRB2,Cardiometabolic,Unique Protein
OID20302,56.74225089874749,P15907,ST6GAL1,Cardiometabolic,Unique Protein
OID20303,64.31486205264409,P35590,TIE1,Cardiometabolic,Unique Protein
OID20304,60.67412346053448,P78324,SIRPA,Cardiometabolic,Unique Protein
OID20305,68.70571581640652,P42574,CASP3,Cardiometabolic,Unique Protein
OID20306,52.65702612005766,Q13332,PTPRS,Cardiometabolic,Unique Protein
OID20307,43.4634975842823,Q12860,CNTN1,Cardiometabolic,Unique Protein
OID20308,63.49221599113213,Q8TDL5,BPIFB1,Cardiometabolic,Unique Protein
OID20309,66.25896415393858,P20160,AZU1,Cardiometabolic,Unique Protein
OID20310,54.354536744400214,P10586,PTPRF,Cardiometabolic,Unique Protein
OID20311,55.05772187134104,P46531,NOTCH1,Cardiometabolic,Unique Protein
OID20312,57.47092284570946,Q13231,CHIT1,Cardiometabolic,Unique Protein
OID20313,61.14299012780048,P04085,PDGFA,Cardiometabolic,Unique Protein
OID20314,58.15499355853627,P13686,ACP5,Cardiometabolic,Unique Protein
OID20315,58.5830668122483,P05107,ITGB2,Cardiometabolic,Unique Protein
OID20316,62.522675538325636,P25445,FAS,Cardiometabolic,Unique Protein
OID20317,54.36778141647737,O15031,PLXNB2,Cardiometabolic,Unique Protein
OID20318,68.35188804377653,Q14393,GAS6,Cardiometabolic,Unique Protein
OID20319,46.960190647701964,P00533,EGFR,Cardiometabolic,Unique Protein
OID20320,53.503428456765626,Q16769,QPCT,Cardiometabolic,Unique Protein
OID20321,51.318399931153735,O00584,RNASET2,Cardiometabolic,Unique Protein
OID20322,73.28720036814693,P10451,SPP1,Cardiometabolic,Unique Protein
OID20323,52.5384077655066,Q8NHL6,LILRB1,Cardiometabolic,Unique Protein
OID20324,64.60977601650548,O75023,LILRB5,Cardiometabolic,Unique Protein
OID20325,65.43565410074802,P18065,IGFBP2,Cardiometabolic,Unique Protein
OID20326,50.54148190990807,P19957,PI3,Cardiometabolic,Unique Protein
OID20327,51.155031691293814,Q9HD89,RETN,Cardiometabolic,Unique Protein
OID20328,64.539383231183,Q16663,CCL15,Cardiometabolic,Unique Protein
OID20329,47.955131565434385,P24158,PRTN3,Cardiometabolic,Unique Protein
OID20330,26.051730305781252,Q12884,FAP,Cardiometabolic,Unique Protein
OID20331,77.66856404895611,P23284,PPIB,Cardiometabolic,Unique Protein
OID20332,61.94441550277775,P39060,COL18A1,Cardiometabolic,Unique Protein
OID20333,50.4813852450681,P04746,AMY2A,Cardiometabolic,Unique Protein
OID20334,63.510977077472255,O15467,CCL16,Cardiometabolic,Unique Protein
OID20335,55.27227903602584,P02452,COL1A1,Cardiometabolic,Unique Protein
OID20336,45.95241713054071,Q13867,BLMH,Cardiometabolic,Unique Protein
OID20337,49.99776223142749,P42785,PRCP,Cardiometabolic,Unique Protein
OID20338,13.30738900879499,O75594,PGLYRP1,Cardiometabolic,Unique Protein
OID20339,50.48543454875715,P13987,CD59,Cardiometabolic,Unique Protein
OID20340,54.55911966917141,P19961,AMY2B,Cardiometabolic,Unique Protein
OID20341,70.21073244009823,P20062,TCN2,Cardiometabolic,Unique Protein
OID20342,57.901703649533786,P05121,SERPINE1,Cardiometabolic,Unique Protein
OID20343,39.84270007512773,P43121,MCAM,Cardiometabolic,Unique Protein
OID20344,50.15061220331337,P59665,DEFA1_DEFA1B,Cardiometabolic,Unique Protein
OID20345,29.967948118146516,Q6EMK4,VASN,Cardiometabolic,Unique Protein
OID20346,36.29878057058878,Q13508,ART3,Cardiometabolic,Unique Protein
OID20347,45.270504311574086,Q96KN2,CNDP1,Cardiometabolic,Unique Protein
OID20348,29.080431143574604,O95998,IL18BP,Cardiometabolic,Unique Protein
OID20349,36.645658772353045,P00740,F9,Cardiometabolic,Unique Protein
OID20350,30.69703738419951,P15144,ANPEP,Cardiometabolic,Unique Protein
OID20351,34.662133311979986,A1L4H1,SSC5D,Cardiometabolic,Unique Protein
OID20352,41.71926738077159,Q06033,ITIH3,Cardiometabolic,Unique Protein
OID20353,40.631678968541586,P12830,CDH1,Cardiometabolic,Unique Protein
OID20354,35.678213277784025,P13591,NCAM1,Cardiometabolic,Unique Protein
OID20355,49.7620321909512,P18428,LBP,Cardiometabolic,Unique Protein
OID20356,24.408104909210817,Q99650,OSMR,Cardiometabolic,Unique Protein
OID20357,32.40587704700907,Q12794,HYAL1,Cardiometabolic,Unique Protein
OID20358,35.78363004417124,P07339,CTSD,Cardiometabolic,Unique Protein
OID20359,39.3558003703612,P24821,TNC,Cardiometabolic,Unique Protein
OID20360,33.66007726759963,Q86VB7,CD163,Cardiometabolic,Unique Protein
OID20361,44.63062120179963,Q14515,SPARCL1,Cardiometabolic,Unique Protein
OID20362,34.78252431462506,P14543,NID1,Cardiometabolic,Unique Protein
OID20363,31.140465604221053,P30530,AXL,Cardiometabolic,Unique Protein
OID20364,34.32398286107808,P07478,PRSS2,Cardiometabolic,Unique Protein
OID20365,32.65462187429551,Q9UBR2,CTSZ,Cardiometabolic,Unique Protein
OID20366,34.51868440881384,O00533,CHL1,Cardiometabolic,Unique Protein
OID20367,55.95594842249654,Q9BXJ1,C1QTNF1,Cardiometabolic,Unique Protein
OID20368,33.91079502527237,P35443,THBS4,Cardiometabolic,Unique Protein
OID20369,31.720055138316162,P02786,TFRC,Cardiometabolic,Unique Protein
OID20370,32.635609319972524,P10721,KIT,Cardiometabolic,Unique Protein
OID20371,53.56674999256291,Q07654,TFF3,Cardiometabolic,Unique Protein
OID20372,38.54603826135812,P08709,F7,Cardiometabolic,Unique Protein
OID20373,46.190231905026764,Q99969,RARRES2,Cardiometabolic,Unique Protein
OID20374,40.61679815301629,O95445,APOM,Cardiometabolic,Unique Protein
OID20375,31.410340415829218,Q96H15,TIMD4,Cardiometabolic,Unique Protein
OID20376,30.949833029568897,P05556,ITGB1,Cardiometabolic,Unique Protein
OID20377,34.534450114113355,P08174,CD55,Cardiometabolic,Unique Protein
OID20378,55.118220702148655,P08571,CD14,Cardiometabolic,Unique Protein
OID20379,38.45401244975626,P16109,SELP,Cardiometabolic,Unique Protein
OID20380,35.151252354540496,P15529,CD46,Cardiometabolic,Unique Protein
OID20381,32.68356122440878,P07359,GP1BA,Cardiometabolic,Unique Protein
OID20382,32.23146460694246,Q15485,FCN2,Cardiometabolic,Unique Protein
OID20383,32.17056496508424,P98160,HSPG2,Cardiometabolic,Unique Protein
OID20384,40.264165708028564,Q15113,PCOLCE,Cardiometabolic,Unique Protein
OID20385,33.70199203756176,P08887,IL6R,Cardiometabolic,Unique Protein
OID20386,39.84232351800892,P00441,SOD1,Cardiometabolic,Unique Protein
OID20387,32.145765388355144,O75015,FCGR3B,Cardiometabolic,Unique Protein
OID20388,34.704994985195434,P10646,TFPI,Cardiometabolic,Unique Protein
OID20389,25.872248460409804,Q16853,AOC3,Cardiometabolic,Unique Protein
OID20390,34.98435880244203,O14786,NRP1,Cardiometabolic,Unique Protein
OID20391,36.48615740263187,P12318,FCGR2A,Cardiometabolic,Unique Protein
OID20392,41.02300941167323,P80188,LCN2,Cardiometabolic,Unique Protein
OID20393,34.91389919955727,P20023,CR2,Cardiometabolic,Unique Protein
OID20394,33.41055194344548,Q9NZK5,ADA2,Cardiometabolic,Unique Protein
OID20395,39.470818387695545,P55774,CCL18,Cardiometabolic,Unique Protein
OID20396,23.570279907213102,P19320,VCAM1,Cardiometabolic,Unique Protein
OID20397,35.057065210001795,Q9NPY3,CD93,Cardiometabolic,Unique Protein
OID20398,37.812536719442946,P17936,IGFBP3,Cardiometabolic,Unique Protein
OID20399,43.71556914627537,P36222,CHI3L1,Cardiometabolic,Unique Protein
OID20400,47.45033316662133,P01034,CST3,Cardiometabolic,Unique Protein
OID20401,37.76459169765957,Q16627,CCL14,Cardiometabolic,Unique Protein
OID20402,46.02307439908525,P04070,PROC,Cardiometabolic,Unique Protein
OID20403,33.032961442287586,P03950,ANG,Cardiometabolic,Unique Protein
OID20404,39.66498903863329,Q9UGM5,FETUB,Cardiometabolic,Unique Protein
OID20405,35.18217482626879,P49747,COMP,Cardiometabolic,Unique Protein
OID20406,30.577407963454235,P27487,DPP4,Cardiometabolic,Unique Protein
OID20407,38.82616219157317,Q9Y5C1,ANGPTL3,Cardiometabolic,Unique Protein
OID20408,34.8062025909062,P41222,PTGDS,Cardiometabolic,Unique Protein
OID20409,45.65838977854751,P00915,CA1,Cardiometabolic,Unique Protein
OID20410,38.0576719152115,P06681,C2,Cardiometabolic,Unique Protein
OID20411,34.85263957823027,P05362,ICAM1,Cardiometabolic,Unique Protein
OID20412,59.9187839826236,P13501,CCL5,Cardiometabolic,Unique Protein
OID20413,34.31739724096451,P24592,IGFBP6,Cardiometabolic,Unique Protein
OID20414,40.08656575443031,Q12805,EFEMP1,Cardiometabolic,Unique Protein
OID20415,34.33227694048653,P05451,REG1A,Cardiometabolic,Unique Protein
OID20416,34.31207074539125,Q92820,GGH,Cardiometabolic,Unique Protein
OID20417,38.08582122847758,Q15582,TGFBI,Cardiometabolic,Unique Protein
OID20418,38.2422885792993,P01033,TIMP1,Cardiometabolic,Unique Protein
OID20790,51.309245655769445,Q86VW0,SESTD1,Neurology,Unique Protein
OID20791,40.06140001862749,P53539,FOSB,Neurology,Unique Protein
OID20792,58.71064196995174,Q92597,NDRG1,Neurology,Unique Protein
OID20793,31.562877574011683,A1E959,ODAM,Neurology,Unique Protein
OID20794,202.07702177243254,P60484,PTEN,Neurology,Unique Protein
OID20795,55.697435226431324,Q8IU54,IFNL1,Neurology,Unique Protein
OID20796,43.73588605859292,P51531,SMARCA2,Neurology,Unique Protein
OID20797,48.360849914220225,O14579,COPE,Neurology,Unique Protein
OID20798,35.02309443477633,P15336,ATF2,Neurology,Unique Protein
OID20799,38.82673598509015,P53985,SLC16A1,Neurology,Unique Protein
OID20800,64.37185316530415,P02533,KRT14,Neurology,Unique Protein
OID20801,54.6741033218614,P22676,CALB2,Neurology,Unique Protein
OID20803,33.824902043118215,Q4LE39,ARID4B,Neurology,Unique Protein
OID20804,27.77414204692883,Q9NSK7,C19orf12,Neurology,Unique Protein
OID20805,48.77454839504621,Q8WTV0,SCARB1,Neurology,Unique Protein
OID20806,35.634880122493975,Q9UKV5,AMFR,Neurology,Unique Protein
OID20807,41.78724755829258,P45452,MMP13,Neurology,Unique Protein
OID20808,26.565159219411655,Q96JP9,CDHR1,Neurology,Unique Protein
OID20809,35.54608682452417,Q6ZMJ4,IL34,Neurology,Unique Protein
OID20810,47.97841363956861,P08758,ANXA5,Neurology,Unique Protein
OID20811,65.89048378347329,P48047,ATP5PO,Neurology,Unique Protein
OID20812,32.710189375879956,Q6ZMC9,SIGLEC15,Neurology,Unique Protein
OID20813,44.15105473377593,Q6PIL6,KCNIP4,Neurology,Unique Protein
OID20814,66.76417496818756,Q6P1M0,SLC27A4,Neurology,Unique Protein
OID20815,42.556051948696705,P53582,METAP1,Neurology,Unique Protein
OID20816,50.48776112418921,P13385,TDGF1,Neurology,Unique Protein
OID20817,27.135080448842565,Q9NRW1,RAB6B,Neurology,Unique Protein
OID20818,50.88400295729733,P05455,SSB,Neurology,Unique Protein
OID20819,33.20606074924131,O96013,PAK4,Neurology,Unique Protein
OID20820,43.324149541444015,Q9NXA8,SIRT5,Neurology,Unique Protein
OID20821,41.74916132779067,Q8N2G4,LYPD1,Neurology,Unique Protein
OID20822,27.572610365026375,P49023,PXN,Neurology,Unique Protein
OID20823,41.863160552008935,Q9BXS1,IDI2,Neurology,Unique Protein
OID20824,64.13773869239891,P15018,LIF,Neurology,Unique Protein
OID20825,37.51817951474591,Q9H1C3,GLT8D2,Neurology,Unique Protein
OID20826,39.870580769534776,P20936,RASA1,Neurology,Unique Protein
OID20827,53.10360639338702,P51452,DUSP3,Neurology,Unique Protein
OID20828,38.31708931540489,P09769,FGR,Neurology,Unique Protein
OID20829,49.873050084552496,P14625,HSP90B1,Neurology,Unique Protein
OID20830,512.1107470327038,P10636,MAPT,Neurology,Unique Protein
OID20831,43.940580207165766,Q9HAW4,CLSPN,Neurology,Unique Protein
OID20832,45.77920112293036,Q9UM07,PADI4,Neurology,Unique Protein
OID20833,122.0950974661547,P26440,IVD,Neurology,Unique Protein
OID20834,38.5714295495882,P29474,NOS3,Neurology,Unique Protein
OID20835,21.255107045360358,O60240,PLIN1,Neurology,Unique Protein
OID20836,60.842916741609784,P41208,CETN2,Neurology,Unique Protein
OID20837,58.759503625513766,Q9Y6E0,STK24,Neurology,Unique Protein
OID20838,58.92655629584846,Q9UJY5,GGA1,Neurology,Unique Protein
OID20839,34.46481345198924,P30039,PBLD,Neurology,Unique Protein
OID20840,45.78810869706068,Q5JZY3,EPHA10,Neurology,Unique Protein
OID20841,44.61908458873251,Q02643,GHRHR,Neurology,Unique Protein
OID20842,56.80019476619832,Q9BW30,TPPP3,Neurology,Unique Protein
OID20843,53.682942934035204,Q16864,ATP6V1F,Neurology,Unique Protein
OID20844,32.56648575668456,Q9HA65,TBC1D17,Neurology,Unique Protein
OID20845,37.51663784602348,Q96PP9,GBP4,Neurology,Unique Protein
OID20846,37.00609629739,Q9Y680,FKBP7,Neurology,Unique Protein
OID20847,20.079429729667456,Q03393,PTS,Neurology,Unique Protein
OID20848,46.83118754258667,P01375,TNF,Neurology,Duplicated Protein and not lowest CV
OID20849,33.120495784882294,P58417,NXPH1,Neurology,Unique Protein
OID20850,64.42776582460806,Q15126,PMVK,Neurology,Unique Protein
OID20851,38.09318857336444,Q6UX27,VSTM1,Neurology,Unique Protein
OID20852,28.25641537700817,Q15043,SLC39A14,Neurology,Unique Protein
OID20853,49.35555299419155,Q9UK53,ING1,Neurology,Unique Protein
OID20854,108.24561097488987,P29466,CASP1,Neurology,Unique Protein
OID20855,69.00795508402328,Q9H0C8,ILKAP,Neurology,Unique Protein
OID20856,80.35820519718487,Q07812,BAX,Neurology,Unique Protein
OID20857,86.96644584224796,Q9Y5P4,CERT,Neurology,Unique Protein
OID20858,25.412674254584193,Q9H2W6,MRPL46,Neurology,Unique Protein
OID20859,36.49123085293657,Q9Y2V2,CARHSP1,Neurology,Unique Protein
OID20860,51.03620648638143,P13647,KRT5,Neurology,Unique Protein
OID20861,31.894383878506616,P39905,GDNF,Neurology,Unique Protein
OID20862,50.248919864247476,O94813,SLIT2,Neurology,Unique Protein
OID20863,36.59638822044942,P29475,NOS1,Neurology,Unique Protein
OID20864,43.20610151416341,O14523,C2CD2L,Neurology,Unique Protein
OID20865,80.48355808464093,Q9UBB4,ATXN10,Neurology,Unique Protein
OID20866,55.89327339507296,Q9H3R2,MUC13,Neurology,Unique Protein
OID20867,78.73662613984871,Q9NRG1,PRTFDC1,Neurology,Unique Protein
OID20868,48.717480827213194,Q16762,TST,Neurology,Unique Protein
OID20869,36.82825511134286,Q13426,XRCC4,Neurology,Unique Protein
OID20870,54.82924067999452,Q15633,TARBP2,Neurology,Unique Protein
OID20871,42.122953770002496,P07196,NEFL,Neurology,Unique Protein
OID20872,66.39089548927089,P49789,FHIT,Neurology,Unique Protein
OID20873,27.817029291226504,Q6UWL6,KIRREL2,Neurology,Unique Protein
OID20874,47.701424177458016,O94985,CLSTN1,Neurology,Unique Protein
OID20875,61.1373883676459,Q9Y2W6,TDRKH,Neurology,Unique Protein
OID20876,77.75766548721947,P09211,GSTP1,Neurology,Unique Protein
OID20877,93.13689211843726,P61244,MAX,Neurology,Unique Protein
OID20878,56.39288642376956,Q96FQ6,S100A16,Neurology,Unique Protein
OID20879,53.373934128707454,O00399,DCTN6,Neurology,Unique Protein
OID20880,58.03045495962409,Q13308,PTK7,Neurology,Unique Protein
OID20881,19.263114623420748,P23276,KEL,Neurology,Unique Protein
OID20882,112.59343395186683,Q9UPY6,WASF3,Neurology,Unique Protein
OID20883,33.406830622923195,Q8WUW1,BRK1,Neurology,Unique Protein
OID20884,41.408186077784485,O95466,FMNL1,Neurology,Unique Protein
OID20885,32.5732064746606,Q9NS71,GKN1,Neurology,Unique Protein
OID20886,42.3171228852997,Q9UJ72,ANXA10,Neurology,Unique Protein
OID20887,26.171446515900687,P30519,HMOX2,Neurology,Unique Protein
OID20888,36.77417984311775,Q86Z14,KLB,Neurology,Unique Protein
OID20889,26.826255108922243,Q6UXK2,ISLR2,Neurology,Unique Protein
OID20890,20.995987654734524,Q92917,GPKOW,Neurology,Unique Protein
OID20891,33.99796521500897,P42892,ECE1,Neurology,Unique Protein
OID20892,98.03272390648542,Q9UHV9,PFDN2,Neurology,Unique Protein
OID20893,90.37159277642608,Q92851,CASP10,Neurology,Unique Protein
OID20894,66.67200018755399,Q9NQ88,TIGAR,Neurology,Unique Protein
OID20895,49.83148660063998,Q96B36,AKT1S1,Neurology,Unique Protein
OID20896,85.29683877053111,O95994,AGR2,Neurology,Unique Protein
OID20897,49.31264596229926,P16444,DPEP1,Neurology,Unique Protein
OID20899,63.575471318871465,Q9Y4K4,MAP4K5,Neurology,Unique Protein
OID20900,62.35482117129394,O95256,IL18RAP,Neurology,Unique Protein
OID20901,39.367167746107974,P52943,CRIP2,Neurology,Unique Protein
OID20902,32.965645353880774,P63098,PPP3R1,Neurology,Unique Protein
OID20903,58.154513877894765,P14868,DARS1,Neurology,Unique Protein
OID20904,47.00443718578179,Q9Y6D9,MAD1L1,Neurology,Unique Protein
OID20905,35.85214857689719,O14944,EREG,Neurology,Unique Protein
OID20906,39.88997365789738,Q86WV1,SKAP1,Neurology,Unique Protein
OID20907,35.73618244908833,P29218,IMPA1,Neurology,Unique Protein
OID20908,70.6046038408697,P18031,PTPN1,Neurology,Unique Protein
OID20909,43.919065815408366,P36269,GGT5,Neurology,Unique Protein
OID20910,59.24241307577689,Q16740,CLPP,Neurology,Unique Protein
OID20911,50.55398250168158,P05231,IL6,Neurology,Duplicated Protein and not lowest CV
OID20912,48.03123856331196,Q92932,PTPRN2,Neurology,Unique Protein
OID20913,43.32383500048355,Q9HAN9,NMNAT1,Neurology,Unique Protein
OID20914,47.893467018869,O95727,CRTAM,Neurology,Unique Protein
OID20915,38.99356919294881,P15509,CSF2RA,Neurology,Unique Protein
OID20916,27.623205925217313,P11464,PSG1,Neurology,Unique Protein
OID20917,38.920937436437676,Q8NBI3,DRAXIN,Neurology,Unique Protein
OID20918,54.413877601386005,O00559,EBAG9,Neurology,Unique Protein
OID20919,35.037447375041886,Q9BZM5,ULBP2,Neurology,Unique Protein
OID20920,10.0790820804396,P01138,NGF,Neurology,Unique Protein
OID20921,56.813782656496926,Q96IU4,ABHD14B,Neurology,Unique Protein
OID20922,29.76077486793199,Q8TCT1,PHOSPHO1,Neurology,Unique Protein
OID20923,70.63930417382126,P78560,CRADD,Neurology,Unique Protein
OID20924,41.4743819664731,Q08629,SPOCK1,Neurology,Unique Protein
OID20925,36.066358123869676,P09466,PAEP,Neurology,Unique Protein
OID20926,46.44201777565977,O00308,WWP2,Neurology,Unique Protein
OID20927,54.12206634203975,P07741,APRT,Neurology,Unique Protein
OID20928,50.51822864011335,Q8IUN9,CLEC10A,Neurology,Unique Protein
OID20930,42.75168951924405,Q9HD42,CHMP1A,Neurology,Unique Protein
OID20931,49.00951584700384,Q02083,NAAA,Neurology,Unique Protein
OID20932,35.70444092867049,P50453,SERPINB9,Neurology,Unique Protein
OID20933,51.64786564398406,O60609,GFRA3,Neurology,Unique Protein
OID20934,50.297612241603304,Q9UBT3,DKK4,Neurology,Unique Protein
OID20935,49.728359889285265,P52798,EFNA4,Neurology,Unique Protein
OID20936,54.93040691269419,Q2TAL6,VWC2,Neurology,Unique Protein
OID20937,73.0035231777309,Q13451,FKBP5,Neurology,Unique Protein
OID20938,43.63194226037741,Q2MKA7,RSPO1,Neurology,Unique Protein
OID20939,42.74332278576888,Q96NZ8,WFIKKN1,Neurology,Unique Protein
OID20940,40.16505201874359,Q9H5V8,CDCP1,Neurology,Unique Protein
OID20941,44.033124642445074,P38484,IFNGR2,Neurology,Unique Protein
OID20942,58.18238649435248,Q15814,TBCC,Neurology,Unique Protein
OID20943,42.27857452261283,Q14108,SCARB2,Neurology,Unique Protein
OID20944,39.50139878266397,P78333,GPC5,Neurology,Unique Protein
OID20945,36.998184414118036,Q9Y6Y9,LY96,Neurology,Unique Protein
OID20946,44.16235139160314,O43155,FLRT2,Neurology,Unique Protein
OID20947,56.929514084492226,Q9H3S3,TMPRSS5,Neurology,Unique Protein
OID20948,44.739363147083964,Q53H47,SETMAR,Neurology,Unique Protein
OID20949,30.808531832911807,P16278,GLB1,Neurology,Unique Protein
OID20950,83.17607629762688,P08134,RHOC,Neurology,Unique Protein
OID20951,73.08523360817532,Q8NFP4,MDGA1,Neurology,Unique Protein
OID20952,61.791279791214116,P40222,TXLNA,Neurology,Unique Protein
OID20953,47.62512114546886,O43557,TNFSF14,Neurology,Unique Protein
OID20954,24.82960699328046,P48740,MASP1,Neurology,Unique Protein
OID20955,56.50872912885604,O95630,STAMBP,Neurology,Unique Protein
OID20956,59.144768860704154,Q6XZF7,DNMBP,Neurology,Unique Protein
OID20957,39.2994850486081,Q92752,TNR,Neurology,Unique Protein
OID20958,62.36265741231617,Q6P1N0,CC2D1A,Neurology,Unique Protein
OID20959,67.61110424193201,Q8WV92,MITD1,Neurology,Unique Protein
OID20960,48.79965939627267,Q02790,FKBP4,Neurology,Unique Protein
OID20961,56.08896123826217,P06748,NPM1,Neurology,Unique Protein
OID20962,54.04049152705389,Q06830,PRDX1,Neurology,Unique Protein
OID20963,51.3765028728083,P22079,LPO,Neurology,Unique Protein
OID20964,59.962782337830475,O95407,TNFRSF6B,Neurology,Unique Protein
OID20965,43.41040978557951,Q6ISS4,LAIR2,Neurology,Unique Protein
OID20966,54.003628847968066,Q9NZQ7,CD274,Neurology,Unique Protein
OID20967,41.77955067951136,O00220,TNFRSF10A,Neurology,Unique Protein
OID20968,46.3025402515938,Q92765,FRZB,Neurology,Unique Protein
OID20969,37.47902186182299,Q06323,PSME1,Neurology,Unique Protein
OID20970,44.97383714612434,Q6UX15,LAYN,Neurology,Unique Protein
OID20971,45.76016555567267,O76070,SNCG,Neurology,Unique Protein
OID20972,50.40485714564863,O95817,BAG3,Neurology,Unique Protein
OID20973,46.801321034005014,O14618,CCS,Neurology,Unique Protein
OID20974,53.401059250407116,O60242,ADGRB3,Neurology,Unique Protein
OID20975,61.27072525296573,P50135,HNMT,Neurology,Unique Protein
OID20976,48.65382387918903,P78423,CX3CL1,Neurology,Unique Protein
OID20977,72.09713663434172,Q8WWN9,IPCEF1,Neurology,Unique Protein
OID20978,58.304912429248155,P02771,AFP,Neurology,Unique Protein
OID20979,59.30224936657723,O15232,MATN3,Neurology,Unique Protein
OID20980,62.09109023427063,Q9NPH6,OBP2B,Neurology,Unique Protein
OID20981,57.98830472857151,O14763,TNFRSF10B,Neurology,Unique Protein
OID20982,59.70656007136477,O15197,EPHB6,Neurology,Unique Protein
OID20983,52.27791523611979,P01258,CALCA,Neurology,Unique Protein
OID20984,62.5539337055649,Q8N474,SFRP1,Neurology,Unique Protein
OID20985,51.648247389687995,Q07011,TNFRSF9,Neurology,Unique Protein
OID20986,64.30627251187278,Q9H477,RBKS,Neurology,Unique Protein
OID20987,53.799681650945296,P56279,TCL1A,Neurology,Unique Protein
OID20988,71.09575170032109,P08962,CD63,Neurology,Unique Protein
OID20989,45.59943744917332,Q9UL46,PSME2,Neurology,Unique Protein
OID20990,39.56329738948824,P07306,ASGR1,Neurology,Unique Protein
OID20992,33.677247302231265,Q9BYC5,FUT8,Neurology,Unique Protein
OID20993,76.15851678953766,Q99426,TBCB,Neurology,Unique Protein
OID20994,75.15152763677074,P12644,BMP4,Neurology,Unique Protein
OID20995,57.34614791423171,P28325,CST5,Neurology,Unique Protein
OID20996,48.23147921538499,Q9NR71,ASAH2,Neurology,Unique Protein
OID20997,60.04155706710124,P10145,CXCL8,Neurology,Duplicated Protein and not lowest CV
OID20998,45.08626126766858,Q96GW7,BCAN,Neurology,Unique Protein
OID20999,51.86445082754787,P37023,ACVRL1,Neurology,Unique Protein
OID21000,62.767270412731236,P23588,EIF4B,Neurology,Unique Protein
OID21001,56.94174944612516,Q9P0K1,ADAM22,Neurology,Unique Protein
OID21002,47.75647242711716,O15496,PLA2G10,Neurology,Unique Protein
OID21003,41.21390841321611,Q9BS40,LXN,Neurology,Unique Protein
OID21004,64.6196577138551,P13500,CCL2,Neurology,Unique Protein
OID21005,32.332768778975705,P55291,CDH15,Neurology,Unique Protein
OID21006,36.54405368097615,O94779,CNTN5,Neurology,Unique Protein
OID21007,37.091545406144846,Q9HCK4,ROBO2,Neurology,Unique Protein
OID21008,37.87393097164665,P22223,CDH3,Neurology,Unique Protein
OID21009,38.09127974483142,Q08345,DDR1,Neurology,Unique Protein
OID21010,36.83642969639837,Q08708,CD300C,Neurology,Unique Protein
OID21011,39.23524657577815,P15151,PVR,Neurology,Unique Protein
OID21012,54.84389807968196,Q8NBS9,TXNDC5,Neurology,Unique Protein
OID21013,35.60537037149961,P21217_Q11128,FUT3_FUT5,Neurology,Unique Protein
OID21014,43.342196588027406,P52823,STC1,Neurology,Unique Protein
OID21015,50.666787012459324,Q9H446,RWDD1,Neurology,Unique Protein
OID21016,54.80997699313025,Q9NP79,VTA1,Neurology,Unique Protein
OID21017,30.490830545667546,P15311,EZR,Neurology,Unique Protein
OID21018,39.815200610090635,P01732,CD8A,Neurology,Unique Protein
OID21019,43.93669384107366,P22894,MMP8,Neurology,Unique Protein
OID21020,37.01212003557768,Q92854,SEMA4D,Neurology,Unique Protein
OID21021,54.16999925441438,O14737,PDCD5,Neurology,Unique Protein
OID21022,63.406902928214656,Q9UNZ2,NSFL1C,Neurology,Unique Protein
OID21023,44.327563865939084,P35237,SERPINB6,Neurology,Unique Protein
OID21024,40.41540120016918,O43927,CXCL13,Neurology,Unique Protein
OID21025,40.91599045721907,P28906,CD34,Neurology,Unique Protein
OID21026,38.13498379991228,P13611,VCAN,Neurology,Unique Protein
OID21027,40.94533656488466,Q96CD2,PPCDC,Neurology,Unique Protein
OID21028,41.09426868005789,P17405,SMPD1,Neurology,Unique Protein
OID21029,38.12542983929859,Q10589,BST2,Neurology,Unique Protein
OID21030,38.91698585130978,Q99731,CCL19,Neurology,Unique Protein
OID21031,78.1645896932152,P50225,SULT1A1,Neurology,Unique Protein
OID21032,34.980157090128095,Q8NBJ7,SUMF2,Neurology,Unique Protein
OID21033,41.229082369005255,P01236,PRL,Neurology,Unique Protein
OID21034,61.245680545022964,Q14739,LBR,Neurology,Unique Protein
OID21035,31.953892138667676,P13473,LAMP2,Neurology,Unique Protein
OID21036,50.39428995591643,P12429,ANXA3,Neurology,Unique Protein
OID21037,72.10437258532345,P06733,ENO1,Neurology,Unique Protein
OID21038,41.953914958131996,P05060,CHGB,Neurology,Unique Protein
OID21039,38.946725493415265,P78325,ADAM8,Neurology,Unique Protein
OID21040,38.385210658263446,P04233,CD74,Neurology,Unique Protein
OID21041,43.058589264147535,O00214,LGALS8,Neurology,Unique Protein
OID21042,48.564620015132306,O14625,CXCL11,Neurology,Unique Protein
OID21043,70.854817535335,Q01469,FABP5,Neurology,Unique Protein
OID21044,39.53462989149378,Q6P4E1,GOLM2,Neurology,Unique Protein
OID21045,35.630237884282664,Q6NW40,RGMB,Neurology,Unique Protein
OID21046,57.42275367972923,P09104,ENO2,Neurology,Unique Protein
OID21047,46.196524778249675,P01178,OXT,Neurology,Unique Protein
OID21048,40.25261055566619,Q96GP6,SCARF2,Neurology,Unique Protein
OID21049,35.82209786981846,P28908,TNFRSF8,Neurology,Unique Protein
OID21050,35.20173792584178,P04216,THY1,Neurology,Unique Protein
OID21051,35.370284062486554,Q10588,BST1,Neurology,Unique Protein
OID21052,41.40135588239152,O75509,TNFRSF21,Neurology,Unique Protein
OID21053,43.012078262564486,Q9BRF8,CPPED1,Neurology,Unique Protein
OID21054,36.20058367719787,P14384,CPM,Neurology,Unique Protein
OID21055,38.65274355226471,O14594,NCAN,Neurology,Unique Protein
OID21056,26.817817125079607,P25774,CTSS,Neurology,Unique Protein
OID21057,42.17825085634999,Q16288,NTRK3,Neurology,Unique Protein
OID21058,42.88897055057272,Q6ZMJ2,SCARA5,Neurology,Unique Protein
OID21059,39.78345224657141,P30533,LRPAP1,Neurology,Unique Protein
OID21060,39.85694654901094,P48052,CPA2,Neurology,Unique Protein
OID21061,73.0960768862717,Q9P126,CLEC1B,Neurology,Unique Protein
OID21062,39.3731001463545,P14207,FOLR2,Neurology,Unique Protein
OID21063,43.07102938290609,P21757,MSR1,Neurology,Unique Protein
OID21064,36.50297700929532,P57087,JAM2,Neurology,Unique Protein
OID21065,39.91820690929039,Q96B86,RGMA,Neurology,Unique Protein
OID21066,42.66837668244276,O94907,DKK1,Neurology,Unique Protein
OID21067,84.45743954852215,Q9UBW5,BIN2,Neurology,Unique Protein
OID21068,45.95322761508436,O76076,CCN5,Neurology,Unique Protein
OID21069,38.670529895606656,P01215,CGA,Neurology,Unique Protein
OID21070,30.111197398914026,P05067,APP,Neurology,Unique Protein
OID21071,32.415498544001245,P11215,ITGAM,Neurology,Unique Protein
OID21072,93.16776471671493,P02749,APOH,Neurology,Unique Protein
OID21073,57.46923938447488,P14174,MIF,Neurology,Unique Protein
OID21074,28.975291224776534,Q15818,NPTX1,Neurology,Unique Protein
OID21075,36.60695738496736,P19440,GGT1,Neurology,Unique Protein
OID21076,31.5432007492856,P50895,BCAM,Neurology,Unique Protein
OID21077,41.248367037529064,P31948,STIP1,Neurology,Unique Protein
OID21078,53.779476525243496,Q9NZD4,AHSP,Neurology,Unique Protein
OID21079,41.21404946748158,Q02487,DSC2,Neurology,Unique Protein
OID21080,58.62326731205977,Q04900,CD164,Neurology,Unique Protein
OID21081,44.07641955565229,O60462,NRP2,Neurology,Unique Protein
OID21082,48.317625625538454,O15389,SIGLEC5,Neurology,Unique Protein
OID21083,47.65535017425949,P08254,MMP3,Neurology,Unique Protein
OID21084,59.36421888713994,P23381,WARS,Neurology,Unique Protein
OID21085,53.7390313085812,Q14112,NID2,Neurology,Unique Protein
OID21086,42.747427906864615,P12081,HARS1,Neurology,Unique Protein
OID21087,49.143658064004455,P30086,PEBP1,Neurology,Unique Protein
OID21088,63.26590705827518,P30740,SERPINB1,Neurology,Unique Protein
OID21089,27.657170317445463,Q96F46,IL17RA,Neurology,Unique Protein
OID21090,41.610314729243115,Q86T13,CLEC14A,Neurology,Unique Protein
OID21091,52.4911538395612,Q9HCN6,GP6,Neurology,Unique Protein
OID21092,32.89769367677376,Q9P232,CNTN3,Neurology,Unique Protein
OID21093,36.975141901939,P55103,INHBC,Neurology,Unique Protein
OID21094,32.576301033081336,Q96FE7,PIK3IP1,Neurology,Unique Protein
OID21095,37.43577733510911,O15394,NCAM2,Neurology,Unique Protein
OID21096,39.18149950105355,P23280,CA6,Neurology,Unique Protein
OID21097,35.28934360796454,P00995,SPINK1,Neurology,Unique Protein
OID21098,33.642413672199446,Q9UGT4,SUSD2,Neurology,Unique Protein
OID21099,80.68014518373342,Q14696,MESD,Neurology,Unique Protein
OID21100,49.37178987855116,P05164,MPO,Neurology,Unique Protein
OID21101,34.696301875272646,Q02747,GUCA2A,Neurology,Unique Protein
OID21102,29.97329911998832,P01833,PIGR,Neurology,Unique Protein
OID21103,40.1235105811543,P14780,MMP9,Neurology,Unique Protein
OID21104,32.08267636174729,P35442,THBS2,Neurology,Unique Protein
OID21105,37.17206351632085,Q13093,PLA2G7,Neurology,Unique Protein
OID21106,36.974940304081116,Q15155,NOMO1,Neurology,Unique Protein
OID21107,33.31602527749935,P22105,TNXB,Neurology,Unique Protein
OID21108,37.13957612767697,Q6YHK3,CD109,Neurology,Unique Protein
OID21109,37.16006705779725,O43278,SPINT1,Neurology,Unique Protein
OID21110,33.603763662369396,P14209,CD99,Neurology,Unique Protein
OID21111,39.897978842595606,Q96RD9,FCRL5,Neurology,Unique Protein
OID21112,37.74746384368743,Q9Y240,CLEC11A,Neurology,Unique Protein
OID21113,33.583785025817484,Q14126,DSG2,Neurology,Unique Protein
OID21114,33.273184795891225,P04179,SOD2,Neurology,Unique Protein
OID21115,51.729240171903356,Q9UKK9,NUDT5,Neurology,Unique Protein
OID21116,34.23381685143026,P14778,IL1R1,Neurology,Unique Protein
OID21117,32.09373072128147,Q8IWV2,CNTN4,Neurology,Unique Protein
OID21118,59.85779949279486,P63313,TMSB10,Neurology,Unique Protein
OID21119,40.53738656249748,Q8N6Q3,CD177,Neurology,Unique Protein
OID21120,36.85128403554658,Q5T2D2,TREML2,Neurology,Unique Protein
OID21121,42.65892239267195,Q99972,MYOC,Neurology,Unique Protein
OID21122,35.43978454725959,Q8TCZ2,CD99L2,Neurology,Unique Protein
OID21123,42.55878334232388,P20774,OGN,Neurology,Unique Protein
OID21124,33.28341309933599,P00749,PLAU,Neurology,Unique Protein
OID21125,21.047662159611377,P20827,EFNA1,Neurology,Unique Protein
OID21126,35.07832420824493,Q9NPH3,IL1RAP,Neurology,Unique Protein
OID21127,46.52728617819225,O43505,B4GAT1,Neurology,Unique Protein
OID21128,35.27259074013293,P00352,ALDH1A1,Neurology,Unique Protein
OID21129,35.35203128010582,Q9UKJ1,PILRA,Neurology,Unique Protein
OID21130,31.12711889583368,Q6UXG3,CD300LG,Neurology,Unique Protein
OID21131,34.796407580610044,P16284,PECAM1,Neurology,Unique Protein
OID21132,38.40901069870864,P22749,GNLY,Neurology,Unique Protein
OID21133,43.033833553093785,P06734,FCER2,Neurology,Unique Protein
OID21134,40.94235807142767,Q08431,MFGE8,Neurology,Unique Protein
OID21135,36.83892463842643,Q16881,TXNRD1,Neurology,Unique Protein
OID21136,40.96113920539561,P16871,IL7R,Neurology,Unique Protein
OID21137,35.52993100232008,Q8TDQ0,HAVCR2,Neurology,Unique Protein
OID21138,43.346996630441105,P15289,ARSA,Neurology,Unique Protein
OID21139,35.821476532343965,P08648,ITGA5,Neurology,Unique Protein
OID21140,69.54160434133414,O15117,FYB1,Neurology,Unique Protein
OID21141,41.65495393274955,P30043,BLVRB,Neurology,Unique Protein
OID21142,37.6531269641676,Q969Z4,RELT,Neurology,Unique Protein
OID21143,42.14788793572309,P07108,DBI,Neurology,Unique Protein
OID21144,39.31738012532316,Q9Y279,VSIG4,Neurology,Unique Protein
OID21145,34.748772041919466,P20333,TNFRSF1B,Neurology,Unique Protein
OID21146,33.16858594524591,P11717,IGF2R,Neurology,Unique Protein
OID21147,37.67560839576316,Q99727,TIMP4,Neurology,Unique Protein
OID21148,22.602351511861805,Q9NQ38,SPINK5,Neurology,Unique Protein
OID21149,59.18899779714637,P00918,CA2,Neurology,Unique Protein
OID21150,34.70416104755186,P17538,CTRB1,Neurology,Unique Protein
OID21151,42.42187442434762,Q9Y624,F11R,Neurology,Unique Protein
OID21152,31.486962325259256,Q8N149,LILRA2,Neurology,Unique Protein
OID21153,34.42534892381276,Q6UXH9,PAMR1,Neurology,Unique Protein
OID21154,37.97371404931174,P04155,TFF1,Neurology,Unique Protein
OID21155,34.20080763623983,P19438,TNFRSF1A,Neurology,Unique Protein
OID21156,44.9741587140765,P04118,CLPS,Neurology,Unique Protein
OID21157,32.60364317247536,O76061,STC2,Neurology,Unique Protein
OID21158,56.16859918001729,P22692,IGFBP4,Neurology,Unique Protein
OID21159,37.71941137761087,P28799,GRN,Neurology,Unique Protein
OID21160,50.01152281013772,Q99497,PARK7,Neurology,Unique Protein
OID21161,33.756128919758545,P22307,SCP2,Oncology,Unique Protein
OID21162,42.078276715447785,Q6NXT1,ANKRD54,Oncology,Unique Protein
OID21163,47.023111112935204,Q7Z6M1,RABEPK,Oncology,Unique Protein
OID21164,44.46450032296096,Q7Z7D3,VTCN1,Oncology,Unique Protein
OID21165,47.05622228576492,Q8IWL2,SFTPA1,Oncology,Unique Protein
OID21166,50.86169645923957,P54727,RAD23B,Oncology,Unique Protein
OID21167,38.53555624736333,Q92982,NINJ1,Oncology,Unique Protein
OID21168,86.18825455088236,P01242,GH2,Oncology,Unique Protein
OID21169,32.221275328537075,Q6PGN9,PSRC1,Oncology,Unique Protein
OID21170,77.63421164499752,O14662,STX16,Oncology,Unique Protein
OID21171,71.80968659438085,P06731,CEACAM5,Oncology,Unique Protein
OID21172,38.17260568945705,O60828,PQBP1,Oncology,Unique Protein
OID21173,52.75819201981009,A4D1B5,GSAP,Oncology,Unique Protein
OID21174,51.86762748112251,Q7LG56,RRM2B,Oncology,Unique Protein
OID21175,52.39991139871388,O14964,HGS,Oncology,Unique Protein
OID21176,68.7221527503812,Q9P0J1,PDP1,Oncology,Unique Protein
OID21177,22.7058670307036,P49788,RARRES1,Oncology,Unique Protein
OID21178,35.19966599719245,O75787,ATP6AP2,Oncology,Unique Protein
OID21179,68.63218749512636,Q9H4P4,RNF41,Oncology,Unique Protein
OID21181,49.47421842367506,Q9Y5V3,MAGED1,Oncology,Unique Protein
OID21182,38.767035821300894,Q8N5S9,CAMKK1,Oncology,Unique Protein
OID21183,28.96280253136573,Q9NRA1,PDGFC,Oncology,Unique Protein
OID21184,25.971190243752517,P35813,PPM1A,Oncology,Unique Protein
OID21185,76.52351256519594,P43629,KIR3DL1,Oncology,Unique Protein
OID21186,45.58593377257261,Q08AG7,MZT1,Oncology,Unique Protein
OID21187,32.525461533756406,P31350,RRM2,Oncology,Unique Protein
OID21188,42.37838492722066,P41586,ADCYAP1R1,Oncology,Unique Protein
OID21189,49.28047844615765,Q8NBZ7,UXS1,Oncology,Unique Protein
OID21191,57.8590621431175,Q9NS15,LTBP3,Oncology,Unique Protein
OID21192,40.412539329967906,P39748,FEN1,Oncology,Unique Protein
OID21193,49.97276464584073,Q6BAA4,FCRLB,Oncology,Unique Protein
OID21194,50.637890539882555,P50749,RASSF2,Oncology,Unique Protein
OID21195,43.12906241596256,O75493,CA11,Oncology,Unique Protein
OID21196,71.28871148092519,P43628,KIR2DL3,Oncology,Unique Protein
OID21197,60.59076001369918,Q9Y243,AKT3,Oncology,Unique Protein
OID21198,84.42304466122678,P21810,BGN,Oncology,Unique Protein
OID21199,46.48108983696806,P35070,BTC,Oncology,Unique Protein
OID21200,26.49970713104582,P48643,CCT5,Oncology,Unique Protein
OID21201,47.17575040872865,Q9UKR0,KLK12,Oncology,Unique Protein
OID21202,47.50555688277804,Q07960,ARHGAP1,Oncology,Unique Protein
OID21203,32.060843978391574,P46060,RANGAP1,Oncology,Unique Protein
OID21204,115.8753384791027,Q7Z434,MAVS,Oncology,Unique Protein
OID21205,62.42077760842639,Q05516,ZBTB16,Oncology,Unique Protein
OID21206,68.02274621424283,Q7L5Y9,MAEA,Oncology,Unique Protein
OID21207,46.61097805102414,P07332,FES,Oncology,Unique Protein
OID21208,39.03606649530492,P34130,NTF4,Oncology,Unique Protein
OID21209,48.83513075559171,Q96NB1,CEP20,Oncology,Unique Protein
OID21210,60.14407174056107,O15116,LSM1,Oncology,Unique Protein
OID21211,39.081559610004284,Q9Y265,RUVBL1,Oncology,Unique Protein
OID21212,49.52965452724498,O00221,NFKBIE,Oncology,Unique Protein
OID21213,77.35453538748088,Q9UKS7,IKZF2,Oncology,Unique Protein
OID21214,45.26843403917123,Q9P0V8,SLAMF8,Oncology,Unique Protein
OID21215,60.50432671729112,P31994,FCGR2B,Oncology,Unique Protein
OID21216,27.345066263149594,Q3B7J2,GFOD2,Oncology,Unique Protein
OID21217,42.25517976373562,Q13490,BIRC2,Oncology,Unique Protein
OID21218,59.32748316906095,Q8IWL1,SFTPA2,Oncology,Unique Protein
OID21219,89.01100399601386,O43752,STX6,Oncology,Unique Protein
OID21220,52.598024004169794,O60907,TBL1X,Oncology,Unique Protein
OID21221,88.18381614305363,P25786,PSMA1,Oncology,Unique Protein
OID21222,85.29813020139156,Q9UQQ2,SH2B3,Oncology,Unique Protein
OID21224,76.4897674552385,O75380,NDUFS6,Oncology,Unique Protein
OID21225,43.79864302205106,O75569,PRKRA,Oncology,Unique Protein
OID21226,44.012649846157174,O95786,DDX58,Oncology,Unique Protein
OID21227,81.13874792618138,P43490,NAMPT,Oncology,Unique Protein
OID21228,42.23468932084002,Q6EIG7,CLEC6A,Oncology,Unique Protein
OID21229,53.61310949949099,Q9Y2Z0,SUGT1,Oncology,Unique Protein
OID21230,42.30741227198588,Q8WUX2,CHAC2,Oncology,Unique Protein
OID21231,46.669752037021375,Q9Y223,GNE,Oncology,Unique Protein
OID21232,97.63576794379101,P04637,TP53,Oncology,Unique Protein
OID21233,206.22485816264663,Q06787,FMR1,Oncology,Unique Protein
OID21234,99.72693313500525,P55008,AIF1,Oncology,Unique Protein
OID21235,62.26308420778087,Q9Y639,NPTN,Oncology,Unique Protein
OID21236,39.00010677460324,Q9BUE0,MED18,Oncology,Unique Protein
OID21237,42.69547389632543,P01375,TNF,Oncology,Duplicated Protein and not lowest CV
OID21238,50.31375140922953,P30260,CDC27,Oncology,Unique Protein
OID21239,73.93551016926565,Q01543,FLI1,Oncology,Unique Protein
OID21240,58.39792147837864,O00186,STXBP3,Oncology,Unique Protein
OID21241,56.578881868428354,Q6P2H3,CEP85,Oncology,Unique Protein
OID21242,35.90791865345953,Q16772,GSTA3,Oncology,Unique Protein
OID21243,62.31302063308621,Q8TD06,AGR3,Oncology,Unique Protein
OID21244,71.58803341240707,P15121,AKR1B1,Oncology,Unique Protein
OID21245,44.973597435998904,P40198,CEACAM3,Oncology,Unique Protein
OID21246,61.92728161986187,Q8WYN0,ATG4A,Oncology,Unique Protein
OID21247,48.19794324090504,P14136,GFAP,Oncology,Unique Protein
OID21248,47.07945264830561,P01229,LHB,Oncology,Unique Protein
OID21249,131.6179536625309,Q9BSW2,CRACR2A,Oncology,Unique Protein
OID21250,52.00236747684084,Q9UQB8,BAIAP2,Oncology,Unique Protein
OID21251,112.31396602033365,Q6UX82,LYPD8,Oncology,Unique Protein
OID21252,65.59018274625261,Q9UHF1,EGFL7,Oncology,Unique Protein
OID21253,114.51998914250122,Q99683,MAP3K5,Oncology,Unique Protein
OID21254,78.36868899949485,Q96DU3,SLAMF6,Oncology,Unique Protein
OID21256,30.825954273124644,P35637,FUS,Oncology,Unique Protein
OID21257,83.06196899690063,P06850,CRH,Oncology,Unique Protein
OID21258,71.67026711400922,Q8IUK5,PLXDC1,Oncology,Unique Protein
OID21259,51.626902747780626,P55789,GFER,Oncology,Unique Protein
OID21260,35.60661080128265,Q9Y5L3,ENTPD2,Oncology,Unique Protein
OID21261,41.8368233796649,P0CG37,CFC1,Oncology,Unique Protein
OID21262,54.33292885625225,Q96PQ0,SORCS2,Oncology,Unique Protein
OID21263,147.80390382365027,P01275,GCG,Oncology,Unique Protein
OID21264,52.48864239215069,Q9NX58,LYAR,Oncology,Unique Protein
OID21265,79.99651147422085,P10747,CD28,Oncology,Unique Protein
OID21266,32.035420233345405,O60760,HPGDS,Oncology,Unique Protein
OID21267,28.95329677614652,Q13145,BAMBI,Oncology,Unique Protein
OID21268,94.75466183927139,O14713,ITGB1BP1,Oncology,Unique Protein
OID21269,98.50770897432307,P09110,ACAA1,Oncology,Unique Protein
OID21270,44.590509033568544,P51580,TPMT,Oncology,Unique Protein
OID21271,64.68168212899982,O43524,FOXO3,Oncology,Unique Protein
OID21272,26.40090349739473,P36888,FLT3,Oncology,Unique Protein
OID21273,52.537482632116706,Q9BQ51,PDCD1LG2,Oncology,Unique Protein
OID21274,67.30620545796381,P08069,IGF1R,Oncology,Unique Protein
OID21275,100.45797210863876,Q8TE58,ADAMTS15,Oncology,Unique Protein
OID21276,86.81530871907655,P05231,IL6,Oncology,Duplicated Protein and not lowest CV
OID21277,119.10518898523964,P51692,STAT5B,Oncology,Unique Protein
OID21278,50.19614553092032,Q15427,SF3B4,Oncology,Unique Protein
OID21279,28.66822359041507,Q9UHD8,SEPTIN9,Oncology,Unique Protein
OID21280,72.33604719049514,P00519,ABL1,Oncology,Unique Protein
OID21281,51.41765853305081,Q5VIR6,VPS53,Oncology,Unique Protein
OID21282,46.868647850406084,Q9BYE9,CDHR2,Oncology,Unique Protein
OID21283,30.878243816826974,P61218,POLR2F,Oncology,Unique Protein
OID21284,79.74975410737241,Q86WD7,SERPINA9,Oncology,Unique Protein
OID21285,85.12901824743938,Q9Y6A5,TACC3,Oncology,Unique Protein
OID21286,76.90992045922884,Q9NUY8,TBC1D23,Oncology,Unique Protein
OID21287,84.62542514448272,O95831,AIFM1,Oncology,Unique Protein
OID21288,36.136621034264415,P34949,MPI,Oncology,Unique Protein
OID21289,61.35239231230003,Q6UXD5,SEZ6L2,Oncology,Unique Protein
OID21290,16.161157311193953,Q7L5N7,LPCAT2,Oncology,Unique Protein
OID21291,85.20827533079336,Q9UKR3,KLK13,Oncology,Unique Protein
OID21292,91.16774660554687,Q9GZY6,LAT2,Oncology,Unique Protein
OID21293,103.58371910516739,Q07954,LRP1,Oncology,Unique Protein
OID21294,86.06288513106473,Q9Y653,ADGRG1,Oncology,Unique Protein
OID21295,85.17037074188148,P55273,CDKN2D,Oncology,Unique Protein
OID21296,109.28692270162,P05783,KRT18,Oncology,Unique Protein
OID21297,57.82273721005563,P10606,COX5B,Oncology,Unique Protein
OID21298,55.88289622870295,Q9UJ71,CD207,Oncology,Unique Protein
OID21299,55.63459501973379,O94760,DDAH1,Oncology,Unique Protein
OID21301,50.05726383193727,P17948,FLT1,Oncology,Unique Protein
OID21302,39.227662801959525,O75695,RP2,Oncology,Unique Protein
OID21303,78.0159101469475,Q9Y662,HS3ST3B1,Oncology,Unique Protein
OID21304,60.83491653831034,O00233,PSMD9,Oncology,Unique Protein
OID21305,79.37857006766136,Q9H4A9,DPEP2,Oncology,Unique Protein
OID21306,91.87397257718408,P05937,CALB1,Oncology,Unique Protein
OID21307,128.62330484896717,P08473,MME,Oncology,Unique Protein
OID21308,44.49057162494969,P50583,NUDT2,Oncology,Unique Protein
OID21309,64.65941882173433,Q9HAV7,GRPEL1,Oncology,Unique Protein
OID21310,74.36192786750118,O95498,VNN2,Oncology,Unique Protein
OID21311,79.47053789412892,Q9BTE6,AARSD1,Oncology,Unique Protein
OID21312,82.85877135916644,O75054,IGSF3,Oncology,Unique Protein
OID21313,61.10088783939304,Q9UK85,DKKL1,Oncology,Unique Protein
OID21314,75.74990816793104,O15357,INPPL1,Oncology,Unique Protein
OID21315,65.30122416590667,P18627,LAG3,Oncology,Unique Protein
OID21316,105.4675927760998,P28907,CD38,Oncology,Unique Protein
OID21317,80.53287110647989,Q8N129,CNPY4,Oncology,Unique Protein
OID21318,67.8394980944346,Q49AH0,CDNF,Oncology,Unique Protein
OID21319,80.20219505123174,P38936,CDKN1A,Oncology,Unique Protein
OID21320,72.65803221983157,Q96EK5,KIFBP,Oncology,Unique Protein
OID21321,47.3601966214997,Q7Z5A7,TAFA5,Oncology,Unique Protein
OID21322,61.12591196076889,Q11201,ST3GAL1,Oncology,Unique Protein
OID21323,81.05369484570953,Q96RT1,ERBIN,Oncology,Unique Protein
OID21324,40.75590194255537,P37108,SRP14,Oncology,Unique Protein
OID21325,51.03763069580813,Q86SJ6,DSG4,Oncology,Unique Protein
OID21326,57.65679403645956,Q12846,STX4,Oncology,Unique Protein
OID21327,106.41668247376985,P29459_P29460,IL12A_IL12B,Oncology,Unique Protein
OID21328,94.41822503261986,Q8IX05,CD302,Oncology,Unique Protein
OID21329,74.4700605322789,Q9C0C4,SEMA4C,Oncology,Unique Protein
OID21330,45.134387490159064,O00451,GFRA2,Oncology,Unique Protein
OID21331,79.31867736282476,P15848,ARSB,Oncology,Unique Protein
OID21332,110.01869159267711,O14828,SCAMP3,Oncology,Unique Protein
OID21333,92.22174787803552,Q8N386,LRRC25,Oncology,Unique Protein
OID21334,165.4176924966027,Q13561,DCTN2,Oncology,Unique Protein
OID21335,36.86507109017383,P55039,DRG2,Oncology,Unique Protein
OID21336,48.955106872523814,Q9BSL1,UBAC1,Oncology,Unique Protein
OID21337,50.509305415438476,Q14241,ELOA,Oncology,Unique Protein
OID21338,103.21336956582925,Q9BS26,ERP44,Oncology,Unique Protein
OID21339,84.86052236531972,Q96I82,KAZALD1,Oncology,Unique Protein
OID21340,127.48831601268292,Q6UWW8,CES3,Oncology,Unique Protein
OID21341,15.430244655675779,Q9Y5K8,ATP6V1D,Oncology,Unique Protein
OID21342,54.3864225288437,P29317,EPHA2,Oncology,Unique Protein
OID21343,61.032313176704214,Q9BSG5,RTBDN,Oncology,Unique Protein
OID21344,83.45229594429384,O43570,CA12,Oncology,Unique Protein
OID21345,83.54918578886219,P49441,INPP1,Oncology,Unique Protein
OID21346,112.87812951344178,P07949,RET,Oncology,Unique Protein
OID21347,87.82313423372491,Q9Y570,PPME1,Oncology,Unique Protein
OID21348,102.45196709471165,P07947,YES1,Oncology,Unique Protein
OID21349,37.89200032883131,Q8N9I9,DTX3,Oncology,Unique Protein
OID21350,81.98142873464941,P07948,LYN,Oncology,Unique Protein
OID21351,90.43312181326046,O75144,ICOSLG,Oncology,Unique Protein
OID21352,71.70849093083528,P23515,OMG,Oncology,Unique Protein
OID21353,64.77807474497865,Q99717,SMAD5,Oncology,Unique Protein
OID21354,59.97587104989888,P42658,DPP6,Oncology,Unique Protein
OID21355,57.45755404390871,Q8NEZ2,VPS37A,Oncology,Unique Protein
OID21356,133.48066898829742,O60825,PFKFB2,Oncology,Unique Protein
OID21357,87.25523176507548,P15514,AREG,Oncology,Unique Protein
OID21358,125.50911939113392,O00592,PODXL,Oncology,Unique Protein
OID21359,32.42128733209603,Q7Z5R6,APBB1IP,Oncology,Unique Protein
OID21360,67.42278553910306,Q9NZT2,OGFR,Oncology,Unique Protein
OID21361,92.7052569946807,Q13576,IQGAP2,Oncology,Unique Protein
OID21362,76.72437477603134,Q9UBM4,OPTC,Oncology,Unique Protein
OID21363,92.02944371754964,P25685,DNAJB1,Oncology,Unique Protein
OID21364,38.05089733696691,P98073,TMPRSS15,Oncology,Unique Protein
OID21365,55.037508780340026,P50120,RBP2,Oncology,Unique Protein
OID21366,68.90166546204716,O00748,CES2,Oncology,Unique Protein
OID21367,106.8176724100287,O60763,USO1,Oncology,Unique Protein
OID21368,136.497914638435,O00622,CCN1,Oncology,Unique Protein
OID21369,104.55323765890745,P82980,RBP5,Oncology,Unique Protein
OID21370,107.99483360089381,Q86SJ2,AMIGO2,Oncology,Unique Protein
OID21371,91.32219778574317,Q86SR1,GALNT10,Oncology,Unique Protein
OID21372,106.84630434494365,P58499,FAM3B,Oncology,Unique Protein
OID21373,141.552799371971,O15263,DEFB4A_DEFB4B,Oncology,Unique Protein
OID21374,94.17533154596495,P80511,S100A12,Oncology,Unique Protein
OID21375,82.39913014647676,Q8IXJ6,SIRT2,Oncology,Unique Protein
OID21376,141.74675569385715,Q99795,GPA33,Oncology,Unique Protein
OID21377,125.43631569340965,Q86SF2,GALNT7,Oncology,Unique Protein
OID21378,128.18716980006297,Q8WXI7,MUC16,Oncology,Unique Protein
OID21379,68.01804098684642,Q02742,GCNT1,Oncology,Unique Protein
OID21380,76.96957150078016,Q13421,MSLN,Oncology,Unique Protein
OID21381,59.599311876361746,Q7Z5L0,VMO1,Oncology,Unique Protein
OID21382,27.676690983838675,Q99536,VAT1,Oncology,Unique Protein
OID21383,90.40138460214904,P05187,ALPP,Oncology,Unique Protein
OID21384,35.26179001941829,Q16653,MOG,Oncology,Unique Protein
OID21385,58.26786146899925,P08397,HMBS,Oncology,Unique Protein
OID21386,81.23657480146517,Q9NTU7,CBLN4,Oncology,Unique Protein
OID21387,133.47860213506894,Q9P1Z2,CALCOCO1,Oncology,Unique Protein
OID21388,87.8081196906456,P01303,NPY,Oncology,Unique Protein
OID21389,14.042921039393116,Q14213_Q8NEV9,EBI3_IL27,Oncology,Unique Protein
OID21390,79.63828138666348,Q9Y336,SIGLEC9,Oncology,Unique Protein
OID21391,82.79274834224366,Q9Y5K2,KLK4,Oncology,Unique Protein
OID21392,59.78828635416203,P16870,CPE,Oncology,Unique Protein
OID21393,69.83273328413388,P26010,ITGB7,Oncology,Unique Protein
OID21394,103.2596899325992,O43699,SIGLEC6,Oncology,Unique Protein
OID21395,85.70097899518622,Q9UJM8,HAO1,Oncology,Unique Protein
OID21396,70.38730103427908,Q15116,PDCD1,Oncology,Unique Protein
OID21397,54.92387672756792,Q9H6S3,EPS8L2,Oncology,Unique Protein
OID21398,57.351200931996914,P47992,XCL1,Oncology,Unique Protein
OID21399,60.956044003667195,Q14203,DCTN1,Oncology,Unique Protein
OID21400,90.20778281068567,P13521,SCG2,Oncology,Unique Protein
OID21401,85.37643441246439,Q9ULX7,CA14,Oncology,Unique Protein
OID21402,86.67780512510622,Q9NSA1,FGF21,Oncology,Unique Protein
OID21403,30.6800941824067,O43715,TRIAP1,Oncology,Unique Protein
OID21404,90.08916495533632,P30041,PRDX6,Oncology,Unique Protein
OID21405,78.5705313626577,O60911,CTSV,Oncology,Unique Protein
OID21406,62.579817246462234,P47929,LGALS7_LGALS7B,Oncology,Unique Protein
OID21407,108.39627607991353,Q9P0G3,KLK14,Oncology,Unique Protein
OID21408,53.09272008797446,O14558,HSPB6,Oncology,Unique Protein
OID21409,78.70487385119725,Q9H156,SLITRK2,Oncology,Unique Protein
OID21410,58.21621175654651,Q9C005,DPY30,Oncology,Unique Protein
OID21411,63.26594988789164,Q9GZV9,FGF23,Oncology,Unique Protein
OID21412,9.578388385641812,O43827,ANGPTL7,Oncology,Unique Protein
OID21413,78.02576612109091,P02760,AMBP,Oncology,Unique Protein
OID21414,98.0997275805874,Q14790,CASP8,Oncology,Unique Protein
OID21415,65.71869296111196,Q9BXY4,RSPO3,Oncology,Unique Protein
OID21416,65.8825561386367,P06756,ITGAV,Oncology,Unique Protein
OID21417,70.98352733352733,Q16790,CA9,Oncology,Unique Protein
OID21418,62.865904730205,Q496F6,CD300E,Oncology,Unique Protein
OID21419,102.48549024870601,Q9H6B4,CLMP,Oncology,Unique Protein
OID21420,68.01906893621643,P20472,PVALB,Oncology,Unique Protein
OID21421,85.79365618689648,Q6PCB0,VWA1,Oncology,Unique Protein
OID21422,95.8942415300457,Q96D42,HAVCR1,Oncology,Unique Protein
OID21423,80.32893487382279,Q10471,GALNT2,Oncology,Unique Protein
OID21424,81.74830005120096,Q9BZR6,RTN4R,Oncology,Unique Protein
OID21425,104.75839930869739,Q96I15,SCLY,Oncology,Unique Protein
OID21426,74.6882830093893,Q02246,CNTN2,Oncology,Unique Protein
OID21427,51.993198970468235,Q9UBG3,CRNN,Oncology,Unique Protein
OID21428,68.63740095293794,P98082,DAB2,Oncology,Unique Protein
OID21429,99.07107991122966,Q96JA1,LRIG1,Oncology,Unique Protein
OID21430,73.15224155519377,P10145,CXCL8,Oncology,Duplicated Protein and not lowest CV
OID21431,70.29728699702545,P40121,CAPG,Oncology,Unique Protein
OID21432,114.49113252140035,Q9NPH0,ACP6,Oncology,Unique Protein
OID21433,36.566099351348846,P09105,HBQ1,Oncology,Unique Protein
OID21434,96.9816188319924,P27695,APEX1,Oncology,Unique Protein
OID21435,98.1839235753714,Q9H3G5,CPVL,Oncology,Unique Protein
OID21436,77.75389841557401,Q96NA2,RILP,Oncology,Unique Protein
OID21437,102.0423643215745,P50579,METAP2,Oncology,Unique Protein
OID21438,116.98018352703996,P35052,GPC1,Oncology,Unique Protein
OID21439,103.66934075545737,P39900,MMP12,Oncology,Unique Protein
OID21440,107.89860819013822,P13726,F3,Oncology,Unique Protein
OID21441,90.0029047789059,O60243,HS6ST1,Oncology,Unique Protein
OID21442,49.17598807024443,Q16595,FXN,Oncology,Unique Protein
OID21443,77.34456670623665,Q2VWP7,PRTG,Oncology,Unique Protein
OID21444,79.32629751065747,O95388,CCN4,Oncology,Unique Protein
OID21445,66.8298365797402,P05089,ARG1,Oncology,Unique Protein
OID21446,85.93417795302302,Q9NS68,TNFRSF19,Oncology,Unique Protein
OID21447,52.31557700434094,P09758,TACSTD2,Oncology,Unique Protein
OID21448,80.57864069009642,P80303,NUCB2,Oncology,Unique Protein
OID21449,111.57431522428207,P06127,CD5,Oncology,Unique Protein
OID21450,61.21643504608868,Q6UWN8,SPINK6,Oncology,Unique Protein
OID21451,63.9982460887746,Q9HAV5,EDA2R,Oncology,Unique Protein
OID21452,128.10487349765623,P09960,LTA4H,Oncology,Unique Protein
OID21453,124.46903257533653,Q00796,SORD,Oncology,Unique Protein
OID21454,101.92866690623778,O00292,LEFTY2,Oncology,Unique Protein
OID21455,97.43308810331361,P51858,HDGF,Oncology,Unique Protein
OID21456,102.32757936495965,P16562,CRISP2,Oncology,Unique Protein
OID21457,86.98129922749193,P56159,GFRA1,Oncology,Unique Protein
OID21458,100.52778072178204,P62166,NCS1,Oncology,Unique Protein
OID21459,101.2614390827941,Q16775,HAGH,Oncology,Unique Protein
OID21460,89.72180532441675,P32926,DSG3,Oncology,Unique Protein
OID21461,68.83664469019118,Q9H4F8,SMOC1,Oncology,Unique Protein
OID21462,61.919974195684176,Q8WWY7,WFDC12,Oncology,Unique Protein
OID21463,98.9617323808684,O15123,ANGPT2,Oncology,Unique Protein
OID21464,109.0661647822348,Q9Y5W5,WIF1,Oncology,Unique Protein
OID21465,103.91430895780162,Q99075,HBEGF,Oncology,Unique Protein
OID21466,117.84753495770339,P80075,CCL8,Oncology,Unique Protein
OID21467,107.59406603626722,P35318,ADM,Oncology,Unique Protein
OID21468,86.81191983861073,P35475,IDUA,Oncology,Unique Protein
OID21469,107.3016349909639,Q8TDQ1,CD300LF,Oncology,Unique Protein
OID21470,60.91382789360132,Q16543,CDC37,Oncology,Unique Protein
OID21471,39.44227532533422,O43464,HTRA2,Oncology,Unique Protein
OID21472,39.2763193950086,P20138,CD33,Oncology,Unique Protein
OID21473,35.8381004239634,Q8NCC3,PLA2G15,Oncology,Unique Protein
OID21474,45.059525575664395,Q96PD2,DCBLD2,Oncology,Unique Protein
OID21475,60.91501162634617,O14974,PPP1R12A,Oncology,Unique Protein
OID21476,49.01511408239976,O00244,ATOX1,Oncology,Unique Protein
OID21477,57.7196225281432,Q5JTD0,TJAP1,Oncology,Unique Protein
OID21478,25.83964226688132,P21802,FGFR2,Oncology,Unique Protein
OID21479,29.844381725607988,Q96SM3,CPXM1,Oncology,Unique Protein
OID21480,26.301252915060836,Q7Z4W1,DCXR,Oncology,Unique Protein
OID21481,40.641714358655996,P20851,C4BPB,Oncology,Unique Protein
OID21482,45.60053469318384,Q9NP84,TNFRSF12A,Oncology,Unique Protein
OID21483,32.0869349549517,P29017,CD1C,Oncology,Unique Protein
OID21484,34.75804886868479,P32004,L1CAM,Oncology,Unique Protein
OID21485,48.079597261761535,P41439,FOLR3,Oncology,Unique Protein
OID21486,38.67763042890417,P41271,NBL1,Oncology,Unique Protein
OID21487,34.38097069688126,Q9NZ53,PODXL2,Oncology,Unique Protein
OID21488,39.83307844315308,Q9BYH1,SEZ6L,Oncology,Unique Protein
OID21489,41.67297682636813,P21741,MDK,Oncology,Unique Protein
OID21490,31.241640796660302,Q96NY8,NECTIN4,Oncology,Unique Protein
OID21491,37.38929689782404,P35916,FLT4,Oncology,Unique Protein
OID21492,36.280408395286265,Q9H8J5,MANSC1,Oncology,Unique Protein
OID21493,30.129556859924993,P37173,TGFBR2,Oncology,Unique Protein
OID21494,31.91247038369821,Q92832,NELL1,Oncology,Unique Protein
OID21495,32.7829168639421,Q96J42,TXNDC15,Oncology,Unique Protein
OID21496,35.00091209717303,Q02763,TEK,Oncology,Unique Protein
OID21497,36.74175505736636,P35968,KDR,Oncology,Unique Protein
OID21498,37.78541580520709,P21589,NT5E,Oncology,Unique Protein
OID21499,37.56019025869544,P06870,KLK1,Oncology,Unique Protein
OID21500,39.37810628510942,Q9UBX1,CTSF,Oncology,Unique Protein
OID21501,54.56307098571197,Q6FI81,CIAPIN1,Oncology,Unique Protein
OID21502,37.570956301957324,Q9UP79,ADAMTS8,Oncology,Unique Protein
OID21503,42.517815814543354,Q9HAT2,SIAE,Oncology,Unique Protein
OID21504,33.145335678108076,P78552,IL13RA1,Oncology,Unique Protein
OID21505,40.08393107166885,Q14508,WFDC2,Oncology,Unique Protein
OID21506,70.89901582417679,O95721,SNAP29,Oncology,Unique Protein
OID21507,37.30914252683705,Q14512,FGFBP1,Oncology,Unique Protein
OID21508,42.228366603644055,O43895,XPNPEP2,Oncology,Unique Protein
OID21509,40.525701389097826,P07237,P4HB,Oncology,Unique Protein
OID21510,34.44867470819815,Q15303,ERBB4,Oncology,Unique Protein
OID21511,53.206297180408455,P09486,SPARC,Oncology,Unique Protein
OID21512,34.09266235363328,P48307,TFPI2,Oncology,Unique Protein
OID21513,51.46902160251856,Q9UJ68,MSRA,Oncology,Unique Protein
OID21514,30.63137373108208,P09958,FURIN,Oncology,Unique Protein
OID21515,39.90039172884566,O75629,CREG1,Oncology,Unique Protein
OID21516,50.78677053263792,P01298,PPY,Oncology,Unique Protein
OID21517,34.4998318170125,O60259,KLK8,Oncology,Unique Protein
OID21518,35.36701344157896,Q9UBX7,KLK11,Oncology,Unique Protein
OID21519,43.33163640658059,P26447,S100A4,Oncology,Unique Protein
OID21520,25.697572070477865,P04626,ERBB2,Oncology,Unique Protein
OID21521,95.72388643379072,P12931,SRC,Oncology,Unique Protein
OID21522,42.467866679189385,P18084,ITGB5,Oncology,Unique Protein
OID21523,40.6771605805149,O43240,KLK10,Oncology,Unique Protein
OID21524,38.45030865418767,P49767,VEGFC,Oncology,Unique Protein
OID21525,40.421868454766845,O00548,DLL1,Oncology,Unique Protein
OID21526,34.01402655150773,Q92876,KLK6,Oncology,Unique Protein
OID21527,41.63388218550032,P26842,CD27,Oncology,Unique Protein
OID21528,37.02198767954408,P13688,CEACAM1,Oncology,Unique Protein
OID21529,39.06526641555699,P15328,FOLR1,Oncology,Unique Protein
OID21530,37.72635598137462,O95274,LYPD3,Oncology,Unique Protein
OID21531,42.68250160894347,Q16674,MIA,Oncology,Unique Protein
OID31158,73.54704352984253,Q96KB5,PBK,Oncology_II,Unique Protein
OID31159,58.446866718196446,Q8IYV9,IZUMO1,Oncology_II,Unique Protein
OID31160,39.65320881851142,Q15014,MORF4L2,Oncology_II,Unique Protein
OID31161,42.03847402382415,P12004,PCNA,Oncology_II,Unique Protein
OID31162,50.076472683344164,P18848,ATF4,Oncology_II,Unique Protein
OID31163,45.63091704855665,Q9NPI5,NMRK2,Oncology_II,Unique Protein
OID31164,133.7380731877959,P06493,CDK1,Oncology_II,Unique Protein
OID31165,60.15986898569413,P78395,PRAME,Oncology_II,Unique Protein
OID31166,90.85151539339363,Q99259,GAD1,Oncology_II,Unique Protein
OID31167,73.91482851278116,Q86SQ0,PHLDB2,Oncology_II,Unique Protein
OID31168,83.21320702993461,Q8N4E4,PDCL2,Oncology_II,Unique Protein
OID31169,39.84262851758002,A6NGN9,IGLON5,Oncology_II,Unique Protein
OID31170,43.95910592673826,Q3MIW9,MUCL3,Oncology_II,Unique Protein
OID31171,53.17433078877934,P00167,CYB5A,Oncology_II,Unique Protein
OID31172,73.6657059553121,Q15652,JMJD1C,Oncology_II,Unique Protein
OID31173,94.60425308920631,Q9H9E1,ANKRA2,Oncology_II,Unique Protein
OID31174,52.23127498172422,Q9GZT3,SLIRP,Oncology_II,Unique Protein
OID31175,90.40271313316127,O75330,HMMR,Oncology_II,Unique Protein
OID31176,49.16209025798164,Q14674,ESPL1,Oncology_II,Unique Protein
OID31177,119.73533756339516,Q9UPY8,MAPRE3,Oncology_II,Unique Protein
OID31178,104.61586206262913,A7E2Y1,MYH7B,Oncology_II,Unique Protein
OID31179,49.755178702840155,Q9H867,VCPKMT,Oncology_II,Unique Protein
OID31180,34.457123544360726,Q7Z4W2,LYZL2,Oncology_II,Unique Protein
OID31181,67.84874042727891,Q9P2D8,UNC79,Oncology_II,Unique Protein
OID31182,103.86160049892894,Q14677,CLINT1,Oncology_II,Unique Protein
OID31183,110.16087095202391,Q9UJZ1,STOML2,Oncology_II,Unique Protein
OID31184,206.1903099253921,Q8WZ55,BSND,Oncology_II,Unique Protein
OID31185,70.21052075344994,Q12836,ZP4,Oncology_II,Unique Protein
OID31186,49.94920536321257,Q6PUV4,CPLX2,Oncology_II,Unique Protein
OID31187,90.46298228763297,P48165,GJA8,Oncology_II,Unique Protein
OID31188,93.45814097824002,O43889,CREB3,Oncology_II,Unique Protein
OID31189,78.19158767182617,P30304,CDC25A,Oncology_II,Unique Protein
OID31190,57.20938600352454,Q13017,ARHGAP5,Oncology_II,Unique Protein
OID31191,50.76701682562803,P43630,KIR3DL2,Oncology_II,Unique Protein
OID31192,115.497059496963,Q7Z460,CLASP1,Oncology_II,Unique Protein
OID31193,177.98024527938492,P31371,FGF9,Oncology_II,Unique Protein
OID31194,39.404869560006226,Q8ND71,GIMAP8,Oncology_II,Unique Protein
OID31195,121.00801956594987,Q9UQE7,SMC3,Oncology_II,Unique Protein
OID31196,36.63297655909735,A8MVZ5,BTNL10,Oncology_II,Unique Protein
OID31197,44.976159447870245,Q9H741,SPRING1,Oncology_II,Unique Protein
OID31198,63.708576996109166,O00534,VWA5A,Oncology_II,Unique Protein
OID31199,113.5500494617452,Q6NT46,GAGE2A,Oncology_II,Unique Protein
OID31200,100.76367381617268,P17980,PSMC3,Oncology_II,Unique Protein
OID31201,57.0994964612151,Q14123,PDE1C,Oncology_II,Unique Protein
OID31202,74.36441617854415,Q00994,BEX3,Oncology_II,Unique Protein
OID31203,124.61828393392524,Q8N130,SLC34A3,Oncology_II,Unique Protein
OID31204,54.9456327269402,P31689,DNAJA1,Oncology_II,Unique Protein
OID31205,205.10567218770163,O15264,MAPK13,Oncology_II,Unique Protein
OID31206,48.65190611938212,Q9NS37,CREBZF,Oncology_II,Unique Protein
OID31207,78.62279563647326,Q12899,TRIM26,Oncology_II,Unique Protein
OID31208,99.42378629766753,O43739,CYTH3,Oncology_II,Unique Protein
OID31209,86.44647860733524,Q14554,PDIA5,Oncology_II,Unique Protein
OID31210,49.6520025640874,O95793,STAU1,Oncology_II,Unique Protein
OID31211,201.51086985282654,Q03111,MLLT1,Oncology_II,Unique Protein
OID31212,52.711662261785655,Q9NQP4,PFDN4,Oncology_II,Unique Protein
OID31213,117.55301870892228,Q13972,RASGRF1,Oncology_II,Unique Protein
OID31214,87.33263699341431,Q13087,PDIA2,Oncology_II,Unique Protein
OID31215,75.6762436677357,Q9GZP4,PITHD1,Oncology_II,Unique Protein
OID31216,34.91084765668984,Q8TE77,SSH3,Oncology_II,Unique Protein
OID31217,55.29162863132275,Q8NDC4,MORN4,Oncology_II,Unique Protein
OID31218,93.82160847908064,Q4VC05,BCL7A,Oncology_II,Unique Protein
OID31219,89.1785296257896,P23771,GATA3,Oncology_II,Unique Protein
OID31220,51.31780723374525,O00337,SLC28A1,Oncology_II,Unique Protein
OID31221,234.64773410984452,P01100,FOS,Oncology_II,Unique Protein
OID31222,86.87610657503522,P29353,SHC1,Oncology_II,Unique Protein
OID31223,156.410771245279,P07992,ERCC1,Oncology_II,Unique Protein
OID31224,74.86930726653294,Q12849,GRSF1,Oncology_II,Unique Protein
OID31225,64.90200146415044,Q9UI15,TAGLN3,Oncology_II,Unique Protein
OID31226,40.34585012536992,Q6P996,PDXDC1,Oncology_II,Unique Protein
OID31227,60.76389571460399,P34910,EVI2B,Oncology_II,Unique Protein
OID31228,79.48304569181519,Q9ULR5,PAIP2B,Oncology_II,Unique Protein
OID31229,615.8542142112157,P08700,IL3,Oncology_II,Unique Protein
OID31230,63.15171829112739,Q9UN42,ATP1B4,Oncology_II,Unique Protein
OID31231,128.09371027299846,Q6PH85,DCUN1D2,Oncology_II,Unique Protein
OID31232,53.897918925614775,O75409,H2AP,Oncology_II,Unique Protein
OID31233,156.203015657814,Q969P6,TOP1MT,Oncology_II,Unique Protein
OID31234,79.50189177290675,Q9Y3C4,TPRKB,Oncology_II,Unique Protein
OID31235,76.84728832566866,A8MYV0,DCDC2C,Oncology_II,Unique Protein
OID31236,313.87283777722274,P49756,RBM25,Oncology_II,Unique Protein
OID31237,110.72264794346465,Q7Z6A9,BTLA,Oncology_II,Unique Protein
OID31238,54.3440996033153,O43422,THAP12,Oncology_II,Unique Protein
OID31239,33.03114210821268,Q86TS9,MRPL52,Oncology_II,Unique Protein
OID31240,77.66073843687342,Q96SD1,DCLRE1C,Oncology_II,Unique Protein
OID31241,45.488603062370125,P21781,FGF7,Oncology_II,Unique Protein
OID31242,63.77888873433941,O75794,CDC123,Oncology_II,Unique Protein
OID31243,199.85441140861047,Q9H293,IL25,Oncology_II,Unique Protein
OID31244,58.68770604461753,Q5VSG8,MANEAL,Oncology_II,Unique Protein
OID31245,82.7737349053927,Q587J8,KHDC3L,Oncology_II,Unique Protein
OID31246,103.2096246642045,Q9NZQ9,TMOD4,Oncology_II,Unique Protein
OID31247,160.1185617079615,Q5VT06,CEP350,Oncology_II,Unique Protein
OID31248,57.5782622696771,Q13127,REST,Oncology_II,Unique Protein
OID31249,66.49034009452176,O94986,CEP152,Oncology_II,Unique Protein
OID31250,67.16104367221703,Q8TDX7,NEK7,Oncology_II,Unique Protein
OID31251,71.62463378087604,A8MTB9,CEACAM18,Oncology_II,Unique Protein
OID31252,55.405363286116696,Q9Y6I3,EPN1,Oncology_II,Unique Protein
OID31253,52.13748355347173,Q9H0R8,GABARAPL1,Oncology_II,Unique Protein
OID31254,55.41737866275257,Q06609,RAD51,Oncology_II,Unique Protein
OID31255,112.50625085687547,Q14055,COL9A2,Oncology_II,Unique Protein
OID31256,63.362775955477936,P27701,CD82,Oncology_II,Unique Protein
OID31257,61.72212652793023,Q9UBU8,MORF4L1,Oncology_II,Unique Protein
OID31258,39.17372796153803,Q00653,NFKB2,Oncology_II,Unique Protein
OID31259,58.08009390362238,O95696,BRD1,Oncology_II,Unique Protein
OID31260,59.52126101695345,P10398,ARAF,Oncology_II,Unique Protein
OID31261,61.755453276519766,O75293,GADD45B,Oncology_II,Unique Protein
OID31262,49.1096670049963,P42681,TXK,Oncology_II,Unique Protein
OID31263,42.246309199133655,P01112,HRAS,Oncology_II,Unique Protein
OID31264,48.97023046220466,Q9UHL9,GTF2IRD1,Oncology_II,Unique Protein
OID31265,57.54056328852523,P43166,CA7,Oncology_II,Unique Protein
OID31266,80.9926000468663,Q6N021,TET2,Oncology_II,Unique Protein
OID31267,100.04621922328131,Q8WWU5,TCP11,Oncology_II,Unique Protein
OID31268,50.80171156869564,O75665,OFD1,Oncology_II,Unique Protein
OID31269,35.31029710858596,O95777,LSM8,Oncology_II,Unique Protein
OID31270,44.18368620039422,Q8WUY3,PRUNE2,Oncology_II,Unique Protein
OID31271,62.259087365459195,O15164,TRIM24,Oncology_II,Unique Protein
OID31272,42.70809618404623,A6NLU5,VSTM2B,Oncology_II,Unique Protein
OID31273,47.34771368232754,Q9UK41,VPS28,Oncology_II,Unique Protein
OID31274,111.58030227494704,P59282,TPPP2,Oncology_II,Unique Protein
OID31275,67.88621609868373,Q8TCU4,ALMS1,Oncology_II,Unique Protein
OID31276,69.37419310373443,P49662,CASP4,Oncology_II,Unique Protein
OID31277,58.50825558925447,P11310,ACADM,Oncology_II,Unique Protein
OID31278,86.90772522133538,Q13445,TMED1,Oncology_II,Unique Protein
OID31279,56.74369887879299,Q9UNP9,PPIE,Oncology_II,Unique Protein
OID31280,76.04940175449853,O43247,TEX33,Oncology_II,Unique Protein
OID31281,123.32727282340915,B0FP48,UPK3BL1,Oncology_II,Unique Protein
OID31282,57.800195827953175,Q9H2G2,SLK,Oncology_II,Unique Protein
OID31283,57.56709460904745,O14879,IFIT3,Oncology_II,Unique Protein
OID31284,40.91954237961002,P47928,ID4,Oncology_II,Unique Protein
OID31285,95.74436860363078,O43903,GAS2,Oncology_II,Unique Protein
OID31286,101.4058330746237,Q99487,PAFAH2,Oncology_II,Unique Protein
OID31287,70.96179497194093,O15078,CEP290,Oncology_II,Unique Protein
OID31288,54.50948996479361,Q16181,SEPTIN7,Oncology_II,Unique Protein
OID31289,127.2195026682396,Q03518,TAP1,Oncology_II,Unique Protein
OID31290,73.16778794302934,O60603,TLR2,Oncology_II,Unique Protein
OID31291,37.33750102797727,Q68DV7,RNF43,Oncology_II,Unique Protein
OID31292,42.53474612296689,Q9UHJ6,SHPK,Oncology_II,Unique Protein
OID31293,63.3140651934321,P49137,MAPKAPK2,Oncology_II,Unique Protein
OID31294,47.4155338172647,P04183,TK1,Oncology_II,Unique Protein
OID31295,54.54983715078322,P19526,FUT1,Oncology_II,Unique Protein
OID31296,76.16599441769407,P22528,SPRR1B,Oncology_II,Unique Protein
OID31297,67.14295933670945,O15211,RGL2,Oncology_II,Unique Protein
OID31298,75.82960059727293,P15248,IL9,Oncology_II,Unique Protein
OID31299,143.67483705293523,P78358,CTAG1A_CTAG1B,Oncology_II,Unique Protein
OID31300,64.50530418020452,O15294,OGT,Oncology_II,Unique Protein
OID31301,75.8611251000724,Q8TEW0,PARD3,Oncology_II,Unique Protein
OID31302,57.221073014446056,P07766,CD3E,Oncology_II,Unique Protein
OID31303,63.80004179179768,P51815,ZNF75D,Oncology_II,Unique Protein
OID31304,62.669856653922984,O60237,PPP1R12B,Oncology_II,Unique Protein
OID31305,87.00870045955784,Q2M296,MTHFSD,Oncology_II,Unique Protein
OID31306,39.24407812598337,Q96F10,SAT2,Oncology_II,Unique Protein
OID31307,227.47139910334235,Q9HCM3,KIAA1549,Oncology_II,Unique Protein
OID31308,81.48394564345594,Q6UY09,CEACAM20,Oncology_II,Unique Protein
OID31309,58.05017362315063,Q92817,EVPL,Oncology_II,Unique Protein
OID31310,67.01580620321691,P09914,IFIT1,Oncology_II,Unique Protein
OID31311,65.29819480700434,Q6P5Z2,PKN3,Oncology_II,Unique Protein
OID31312,59.78931271366932,Q6ZVL6,KIAA1549L,Oncology_II,Unique Protein
OID31313,43.727979896705385,Q5VUJ9,EFCAB2,Oncology_II,Unique Protein
OID31314,96.62461529679462,Q9HC77,CENPJ,Oncology_II,Unique Protein
OID31315,49.053958417591915,Q9ULD2,MTUS1,Oncology_II,Unique Protein
OID31316,71.89142976290383,P30279,CCND2,Oncology_II,Unique Protein
OID31317,37.07127662894713,Q8IV48,ERI1,Oncology_II,Unique Protein
OID31318,69.65124653539351,P25092,GUCY2C,Oncology_II,Unique Protein
OID31319,99.05496042540834,Q9NYJ8,TAB2,Oncology_II,Unique Protein
OID31320,48.359996891911756,Q495A1,TIGIT,Oncology_II,Unique Protein
OID31321,70.33948847691414,P78317,RNF4,Oncology_II,Unique Protein
OID31322,99.1470795586826,P50454,SERPINH1,Oncology_II,Unique Protein
OID31323,64.33072362273259,O00422,SAP18,Oncology_II,Unique Protein
OID31324,63.59869456000203,Q96AT9,RPE,Oncology_II,Unique Protein
OID31325,602.9069380043659,P20702,ITGAX,Oncology_II,Unique Protein
OID31326,293.39989804472793,O95997,PTTG1,Oncology_II,Unique Protein
OID31327,34.10470730917795,P51948,MNAT1,Oncology_II,Unique Protein
OID31328,41.72320061051094,Q9BW66,CINP,Oncology_II,Unique Protein
OID31329,50.47086548093448,P49454,CENPF,Oncology_II,Unique Protein
OID31330,102.5594700388434,Q92973,TNPO1,Oncology_II,Unique Protein
OID31331,128.14136364771264,P43357,MAGEA3,Oncology_II,Unique Protein
OID31332,54.5847636556528,Q9UJ99,CDH22,Oncology_II,Unique Protein
OID31333,158.8632782815174,P53420,COL4A4,Oncology_II,Unique Protein
OID31334,86.94654987599,Q99963,SH3GL3,Oncology_II,Unique Protein
OID31335,61.70778286135166,O14717,TRDMT1,Oncology_II,Unique Protein
OID31336,26.370703969632665,Q7Z6I6,ARHGAP30,Oncology_II,Unique Protein
OID31337,91.50639762234526,Q9Y4G8,RAPGEF2,Oncology_II,Unique Protein
OID31338,51.28642899626939,Q6P995,FAM171B,Oncology_II,Unique Protein
OID31339,80.69931472725577,P78540,ARG2,Oncology_II,Unique Protein
OID31340,49.72393161043166,Q9NQ84,GPRC5C,Oncology_II,Unique Protein
OID31341,41.748941034505684,Q14204,DYNC1H1,Oncology_II,Unique Protein
OID31342,52.480183199686614,Q6UXC1,MAMDC4,Oncology_II,Unique Protein
OID31343,62.5019046356548,P26639,TARS1,Oncology_II,Unique Protein
OID31344,61.237823440293184,Q32MZ4,LRRFIP1,Oncology_II,Unique Protein
OID31345,87.2898693002022,O43663,PRC1,Oncology_II,Unique Protein
OID31346,56.371314228496026,Q7Z6P3,RAB44,Oncology_II,Unique Protein
OID31347,89.76675206993127,Q8WWF5,ZNRF4,Oncology_II,Unique Protein
OID31348,105.20313495278859,O75843,AP1G2,Oncology_II,Unique Protein
OID31349,45.81103581538885,Q9UHY7,ENOPH1,Oncology_II,Unique Protein
OID31350,37.71765490229443,Q96NB3,ZNF830,Oncology_II,Unique Protein
OID31351,36.696655253156024,Q9Y2J4,AMOTL2,Oncology_II,Unique Protein
OID31352,50.062484248517436,P33764,S100A3,Oncology_II,Unique Protein
OID31353,90.33649517224383,Q15796,SMAD2,Oncology_II,Unique Protein
OID31354,91.88227790778755,Q9UMX5,NENF,Oncology_II,Unique Protein
OID31355,91.68566774047012,O43768,ENSA,Oncology_II,Unique Protein
OID31356,57.18168320240441,P18754,RCC1,Oncology_II,Unique Protein
OID31357,91.25494013123007,P49366,DHPS,Oncology_II,Unique Protein
OID31358,89.92801463759025,P21695,GPD1,Oncology_II,Unique Protein
OID31359,46.06673077752414,P01266,TG,Oncology_II,Unique Protein
OID31360,69.58346074521825,P36873,PPP1CC,Oncology_II,Unique Protein
OID31361,65.64899629312302,P31785,IL2RG,Oncology_II,Unique Protein
OID31362,68.17665718816802,Q8WUD1,RAB2B,Oncology_II,Unique Protein
OID31363,65.70529670021747,Q13410,BTN1A1,Oncology_II,Unique Protein
OID31364,51.337888480472216,Q49A26,GLYR1,Oncology_II,Unique Protein
OID31365,74.65035833695573,P56851,EDDM3B,Oncology_II,Unique Protein
OID31366,68.25878071624133,Q9HC57,WFDC1,Oncology_II,Unique Protein
OID31367,57.8651355775627,Q9GZZ8,LACRT,Oncology_II,Unique Protein
OID31368,49.486105699877946,P63146,UBE2B,Oncology_II,Unique Protein
OID31369,57.777687295778556,P52848,NDST1,Oncology_II,Unique Protein
OID31370,56.046831890762604,Q14641,INSL4,Oncology_II,Unique Protein
OID31371,88.09862697711357,Q96IQ7,VSIG2,Oncology_II,Unique Protein
OID31372,72.37551440159268,Q6PKG0,LARP1,Oncology_II,Unique Protein
OID31373,43.73488811584983,Q6UW88,EPGN,Oncology_II,Unique Protein
OID31374,65.64351255710588,O60749,SNX2,Oncology_II,Unique Protein
OID31375,76.94518285475392,Q9BU02,THTPA,Oncology_II,Unique Protein
OID31376,49.42387608298253,P35249,RFC4,Oncology_II,Unique Protein
OID31377,69.20320998768574,Q9Y5E8,PCDHB15,Oncology_II,Unique Protein
OID31378,83.66509000443207,Q13287,NMI,Oncology_II,Unique Protein
OID31379,64.15638206303316,O95433,AHSA1,Oncology_II,Unique Protein
OID31380,39.431945092357985,P05091,ALDH2,Oncology_II,Unique Protein
OID31381,58.88959740559474,P49354,FNTA,Oncology_II,Unique Protein
OID31382,89.15454457699707,Q9UKM9,RALY,Oncology_II,Unique Protein
OID31383,72.95055197871297,Q06643,LTB,Oncology_II,Unique Protein
OID31384,51.26168711947372,P20807,CAPN3,Oncology_II,Unique Protein
OID31385,49.96391055312308,Q8NEB7,ACRBP,Oncology_II,Unique Protein
OID31386,89.35078531912079,O75351,VPS4B,Oncology_II,Unique Protein
OID31387,75.06508482623659,Q92485,SMPDL3B,Oncology_II,Unique Protein
OID31388,51.651720044791894,Q9BZW2,SLC13A1,Oncology_II,Unique Protein
OID31389,57.86102191833354,O15213,WDR46,Oncology_II,Unique Protein
OID31390,62.41917276866303,Q9P000,COMMD9,Oncology_II,Unique Protein
OID31391,54.869530055018366,O75460,ERN1,Oncology_II,Unique Protein
OID31392,56.19851273525721,Q8IYS2,KIAA2013,Oncology_II,Unique Protein
OID31393,88.26909064619637,Q96RE7,NACC1,Oncology_II,Unique Protein
OID31394,76.04413306603547,Q6B8I1,DUSP13,Oncology_II,Unique Protein
OID31395,59.66458313171251,O60941,DTNB,Oncology_II,Unique Protein
OID31396,96.15073922597684,O43504,LAMTOR5,Oncology_II,Unique Protein
OID31397,55.982549695247094,Q16891,IMMT,Oncology_II,Unique Protein
OID31398,78.32372024967678,Q5VX71,SUSD4,Oncology_II,Unique Protein
OID31399,141.07996789240934,Q8N5J2,MINDY1,Oncology_II,Unique Protein
OID31400,57.11167408106254,Q8N0Z9,VSIG10,Oncology_II,Unique Protein
OID31402,96.33968089891829,Q86TE4,LUZP2,Oncology_II,Unique Protein
OID31403,85.2790951870496,Q9NUW8,TDP1,Oncology_II,Unique Protein
OID31404,58.38400946179883,Q9BW85,YJU2,Oncology_II,Unique Protein
OID31405,60.1122759721938,A1KZ92,PXDNL,Oncology_II,Unique Protein
OID31406,84.2023733169133,Q8IY22,CMIP,Oncology_II,Unique Protein
OID31407,57.00803009058978,Q9GZX6,IL22,Oncology_II,Unique Protein
OID31408,68.71113675221497,Q6UW15,REG3G,Oncology_II,Unique Protein
OID31409,95.36595616502736,Q765P7,MTSS2,Oncology_II,Unique Protein
OID31410,110.0971652183856,Q16549,PCSK7,Oncology_II,Unique Protein
OID31411,77.44053762614656,Q96A25,TMEM106A,Oncology_II,Unique Protein
OID31412,159.6924207099339,P53384,NUBP1,Oncology_II,Unique Protein
OID31413,129.93241585700918,Q9H6E4,CCDC134,Oncology_II,Unique Protein
OID31414,62.052166791066824,O95166,GABARAP,Oncology_II,Unique Protein
OID31415,92.34034146726977,P51808,DYNLT3,Oncology_II,Unique Protein
OID31416,74.70605932652494,P29536,LMOD1,Oncology_II,Duplicated Protein and not lowest CV
OID31417,77.4530060538713,P61812,TGFB2,Oncology_II,Unique Protein
OID31418,92.42735637265909,P84022,SMAD3,Oncology_II,Unique Protein
OID31419,111.73337642762368,P13051,UNG,Oncology_II,Unique Protein
OID31420,109.08523568150554,Q6WCQ1,MPRIP,Oncology_II,Unique Protein
OID31421,56.14430722501187,Q9BQE9,BCL7B,Oncology_II,Unique Protein
OID31422,107.13220320214847,O75528,TADA3,Oncology_II,Unique Protein
OID31423,153.14247486231264,Q86SQ7,SDCCAG8,Oncology_II,Unique Protein
OID31424,54.55623125229062,P54652,HSPA2,Oncology_II,Unique Protein
OID31425,92.04509139128004,Q92783,STAM,Oncology_II,Unique Protein
OID31426,42.826687990363176,Q9BRQ6,CHCHD6,Oncology_II,Unique Protein
OID31427,71.14072584272677,Q9H2R5,KLK15,Oncology_II,Unique Protein
OID31428,75.11847031084274,Q9UHP3,USP25,Oncology_II,Unique Protein
OID31429,107.05768159620305,Q8NG06,TRIM58,Oncology_II,Unique Protein
OID31430,147.07930663060952,Q86UX2,ITIH5,Oncology_II,Unique Protein
OID31431,89.38386144279556,P43627,KIR2DL2,Oncology_II,Unique Protein
OID31432,210.6121332852765,P43632,KIR2DS4,Oncology_II,Unique Protein
OID31433,82.88133014396368,Q9HD43,PTPRH,Oncology_II,Unique Protein
OID31434,78.36658212300144,Q8TBM8,DNAJB14,Oncology_II,Unique Protein
OID31435,92.04613344714296,Q96AQ6,PBXIP1,Oncology_II,Unique Protein
OID31436,50.516952180319194,P21912,SDHB,Oncology_II,Unique Protein
OID31437,39.758855235780274,Q96T91,GPHA2,Oncology_II,Unique Protein
OID31438,69.89992616978259,Q9H8Y8,GORASP2,Oncology_II,Unique Protein
OID31439,69.83737066722405,Q9Y3L3,SH3BP1,Oncology_II,Unique Protein
OID31440,97.49968380949252,A6NM11,LRRC37A2,Oncology_II,Unique Protein
OID31441,154.32433389306252,Q14BN4,SLMAP,Oncology_II,Unique Protein
OID31442,113.42317075797506,P19525,EIF2AK2,Oncology_II,Unique Protein
OID31443,158.20945196590307,Q7Z692,CEACAM19,Oncology_II,Unique Protein
OID31444,44.59471590080054,Q9ULC4,MCTS1,Oncology_II,Unique Protein
OID31445,69.42605588232078,Q15599,SLC9A3R2,Oncology_II,Unique Protein
OID31446,125.1252631614397,Q03169,TNFAIP2,Oncology_II,Unique Protein
OID31447,41.336228885291106,Q7Z4H3,HDDC2,Oncology_II,Unique Protein
OID31448,76.99954641626186,Q9Y5Q6,INSL5,Oncology_II,Unique Protein
OID31449,94.18744237947098,P11387,TOP1,Oncology_II,Unique Protein
OID31450,71.55776217417996,O60232,ZNRD2,Oncology_II,Unique Protein
OID31451,106.33939996785206,Q6UW56,ATRAID,Oncology_II,Unique Protein
OID31452,117.57357033222775,Q96K21,ZFYVE19,Oncology_II,Unique Protein
OID31453,54.771348114086784,O43805,SSNA1,Oncology_II,Unique Protein
OID31454,93.69412925455997,P10415,BCL2,Oncology_II,Unique Protein
OID31455,79.03992500347518,Q14160,SCRIB,Oncology_II,Duplicated Protein and not lowest CV
OID31456,92.35158937857099,O60245,PCDH7,Oncology_II,Unique Protein
OID31457,105.77903107101383,P33316,DUT,Oncology_II,Unique Protein
OID31458,128.88478182550648,Q05193,DNM1,Oncology_II,Unique Protein
OID31459,76.49195774149342,Q16819,MEP1A,Oncology_II,Unique Protein
OID31460,58.33305896705917,O75071,EFCAB14,Oncology_II,Unique Protein
OID31461,45.046062620835144,Q15262,PTPRK,Oncology_II,Unique Protein
OID31462,95.02824289934885,Q6PL24,TMED8,Oncology_II,Unique Protein
OID31463,93.9815284860766,O94988,FAM13A,Oncology_II,Unique Protein
OID31464,161.55919000718063,Q17RW2,COL24A1,Oncology_II,Unique Protein
OID31465,62.58181321259572,O60502,OGA,Oncology_II,Unique Protein
OID31466,88.25610379260316,Q676U5,ATG16L1,Oncology_II,Unique Protein
OID31467,149.46138139887506,Q86UU1,PHLDB1,Oncology_II,Unique Protein
OID31468,69.19717585596142,Q02750,MAP2K1,Oncology_II,Unique Protein
OID31469,172.02823368525523,Q8IV16,GPIHBP1,Oncology_II,Unique Protein
OID31470,128.43001463446163,P19075,TSPAN8,Oncology_II,Unique Protein
OID31471,71.99309500051554,O75940,SMNDC1,Oncology_II,Unique Protein
OID31472,127.92754083536467,Q8WXX5,DNAJC9,Oncology_II,Unique Protein
OID31473,101.15850301063942,Q6NUJ1,PSAPL1,Oncology_II,Unique Protein
OID31474,108.86708112576696,P14902,IDO1,Oncology_II,Duplicated Protein and not lowest CV
OID31475,157.614479007392,Q99733,NAP1L4,Oncology_II,Unique Protein
OID31476,29.03710342726396,Q96RF0,SNX18,Oncology_II,Unique Protein
OID31477,116.71900591731826,Q9UH65,SWAP70,Oncology_II,Unique Protein
OID31478,96.49253266375148,O00203,AP3B1,Oncology_II,Unique Protein
OID31479,37.85461896229131,Q9P013,CWC15,Oncology_II,Unique Protein
OID31480,92.15729972871782,Q93033,CD101,Oncology_II,Unique Protein
OID31481,121.20136704691254,Q674X7,KAZN,Oncology_II,Unique Protein
OID31482,198.57042219294772,Q14258,TRIM25,Oncology_II,Unique Protein
OID31483,83.9967592310851,Q14246,ADGRE1,Oncology_II,Unique Protein
OID31484,106.69701127345688,Q96DE0,NUDT16,Oncology_II,Unique Protein
OID31485,153.9627194011397,Q9Y5S2,CDC42BPB,Oncology_II,Unique Protein
OID31486,154.5046775920783,Q92890,UFD1,Oncology_II,Unique Protein
OID31487,66.88126999659322,Q8N6M0,OTUD6B,Oncology_II,Unique Protein
OID31488,86.39689657398895,Q13443,ADAM9,Oncology_II,Unique Protein
OID31489,147.82058818942977,Q8IXQ3,C9orf40,Oncology_II,Unique Protein
OID31490,125.70345351704731,Q68D85,NCR3LG1,Oncology_II,Unique Protein
OID31491,100.30199860947305,P17181,IFNAR1,Oncology_II,Unique Protein
OID31492,161.33476551245585,O43312,MTSS1,Oncology_II,Unique Protein
OID31493,125.4867839478592,O43653,PSCA,Oncology_II,Unique Protein
OID31494,152.89134263814776,P54577,YARS1,Oncology_II,Unique Protein
OID31495,131.57104258771284,Q2WEN9,CEACAM16,Oncology_II,Unique Protein
OID31496,68.57936383041722,Q63HQ2,EGFLAM,Oncology_II,Unique Protein
OID31497,98.06469471156576,P53990,IST1,Oncology_II,Unique Protein
OID31498,101.39164578265812,P21128,ENDOU,Oncology_II,Unique Protein
OID31499,70.70994201862612,Q9UIM3,FKBPL,Oncology_II,Unique Protein
OID31500,143.83306260878788,P42081,CD86,Oncology_II,Unique Protein
OID31501,175.86289878285112,P20700,LMNB1,Oncology_II,Unique Protein
OID31502,166.00882585979662,Q15172,PPP2R5A,Oncology_II,Unique Protein
OID31503,106.41112704309926,Q14011,CIRBP,Oncology_II,Unique Protein
OID31504,51.483020021690606,O75830,SERPINI2,Oncology_II,Unique Protein
OID31505,91.82745670484445,P13284,IFI30,Oncology_II,Unique Protein
OID31506,115.47393515291608,Q7Z569,BRAP,Oncology_II,Unique Protein
OID31507,124.3264004545639,Q8TF64,GIPC3,Oncology_II,Unique Protein
OID31508,76.85560959422882,Q8NHZ8,CDC26,Oncology_II,Unique Protein
OID31509,462.8775204010699,P49223,SPINT3,Oncology_II,Unique Protein
OID31510,120.0657084069181,Q9UMS0,NFU1,Oncology_II,Unique Protein
OID31511,60.30407472937838,Q6UWK7,GPR15L,Oncology_II,Unique Protein
OID31512,97.40603959741848,Q6BCY4,CYB5R2,Oncology_II,Unique Protein
OID31513,96.2258387492584,Q9H2K0,MTIF3,Oncology_II,Unique Protein
OID31514,126.51237540886484,Q96BQ1,FAM3D,Oncology_II,Unique Protein
OID31515,96.97606711195878,O75781,PALM,Oncology_II,Unique Protein
OID31516,129.88904438515175,Q9HC56,PCDH9,Oncology_II,Unique Protein
OID31517,190.1285993907607,P48060,GLIPR1,Oncology_II,Unique Protein
OID31518,93.90862623719033,Q92499,DDX1,Oncology_II,Unique Protein
OID31519,74.75597628870446,Q99447,PCYT2,Oncology_II,Unique Protein
OID31520,85.12552823866632,Q9H910,JPT2,Oncology_II,Unique Protein
OID31521,73.8763036432479,P17568,NDUFB7,Oncology_II,Unique Protein
OID31522,117.12219724799027,Q9NPJ3,ACOT13,Oncology_II,Unique Protein
OID31523,165.1955603692479,P62330,ARF6,Oncology_II,Unique Protein
OID31524,73.02879311819693,Q8IWZ8,SUGP1,Oncology_II,Unique Protein
OID31525,63.457110064371726,O15182,CETN3,Oncology_II,Unique Protein
OID31526,106.0049715409795,Q96R05,RBP7,Oncology_II,Unique Protein
